1,6556,Trivago,1,2021-04-22,2021-07-04,2021-09-24
2,9464,Expedia,2,2021-01-25,2021-06-26,2021-08-31
3,2031,Booking.com,3,2021-01-31,2021-06-27,2021-08-29
4,11850,Hotels.com,4,2021-05-21,2021-08-13,2021-09-22
5,5703,Airbnb,5,2021-02-28,2021-08-01,2021-09-20
6,9600,HotelFinder,6,2021-03-08,2021-06-15,2021-09-27
7,10577,Tripadvisor,7,2021-03-11,2021-06-07,2021-09-16
8,7676,Skyscanner,8,2021-04-04,2021-06-04,2021-09-19
9,178,Travellodge,9,2021-03-23,2021-07-21,2021-09-23
10,10915,HolidayInn,10,2021-03-01,2021-08-14,2021-09-02
11,3077,Trivago,1,2021-04-11,2021-08-04,2021-09-17
12,2966,Expedia,2,2021-01-09,2021-08-10,2021-08-30
13,465,Booking.com,3,2021-04-29,2021-06-29,2021-09-10
14,9270,Hotels.com,4,2021-01-12,2021-06-27,2021-09-13
15,498,Airbnb,5,2021-01-26,2021-07-09,2021-09-20
16,8263,HotelFinder,6,2021-04-12,2021-06-11,2021-09-29
17,3625,Tripadvisor,7,2021-04-24,2021-06-11,2021-09-02
18,1507,Skyscanner,8,2021-04-06,2021-06-14,2021-09-06
19,4148,Travellodge,9,2021-03-13,2021-06-11,2021-09-20
20,3882,HolidayInn,10,2021-04-26,2021-08-16,2021-09-28
21,2373,Trivago,1,2021-04-25,2021-07-24,2021-09-18
22,11850,Expedia,2,2021-03-31,2021-06-07,2021-09-10
23,5048,Booking.com,3,2021-01-13,2021-06-13,2021-09-07
24,9053,Hotels.com,4,2021-03-19,2021-08-06,2021-09-08
25,536,Airbnb,5,2021-03-26,2021-07-02,2021-09-23
26,3282,HotelFinder,6,2021-02-25,2021-06-20,2021-09-27
27,3567,Tripadvisor,7,2021-01-21,2021-06-11,2021-09-28
28,4398,Skyscanner,8,2021-01-28,2021-07-21,2021-08-31
29,4768,Travellodge,9,2021-02-17,2021-06-19,2021-08-26
30,9265,HolidayInn,10,2021-03-30,2021-08-20,2021-09-11
31,10601,Trivago,1,2021-03-07,2021-06-29,2021-08-28
32,3060,Expedia,2,2021-02-25,2021-08-16,2021-09-25
33,1647,Booking.com,3,2021-03-28,2021-06-28,2021-09-09
34,4403,Hotels.com,4,2021-05-20,2021-08-18,2021-08-28
35,1329,Airbnb,5,2021-04-07,2021-07-09,2021-08-27
36,6046,HotelFinder,6,2021-03-17,2021-06-28,2021-09-29
37,11412,Tripadvisor,7,2021-03-02,2021-06-08,2021-08-27
38,7350,Skyscanner,8,2021-05-04,2021-07-30,2021-09-25
39,9472,Travellodge,9,2021-01-22,2021-06-19,2021-09-13
40,4073,HolidayInn,10,2021-03-14,2021-07-14,2021-09-14
41,7396,Trivago,1,2021-01-20,2021-06-18,2021-08-25
42,8356,Expedia,2,2021-01-21,2021-08-03,2021-09-21
43,6635,Booking.com,3,2021-02-26,2021-06-06,2021-09-26
44,11184,Hotels.com,4,2021-05-26,2021-07-04,2021-09-01
45,1449,Airbnb,5,2021-05-09,2021-06-10,2021-09-14
46,1672,HotelFinder,6,2021-03-05,2021-07-15,2021-09-26
47,2902,Tripadvisor,7,2021-01-19,2021-08-09,2021-09-26
48,1669,Skyscanner,8,2021-03-07,2021-07-26,2021-09-20
49,10959,Travellodge,9,2021-01-14,2021-06-01,2021-09-16
50,6053,HolidayInn,10,2021-02-27,2021-06-04,2021-09-09
51,7694,Trivago,1,2021-05-04,2021-06-25,2021-09-05
52,1910,Expedia,2,2021-03-10,2021-06-27,2021-09-18
53,9394,Booking.com,3,2021-04-27,2021-06-03,2021-09-26
54,7022,Hotels.com,4,2021-04-29,2021-06-20,2021-09-03
55,7201,Airbnb,5,2021-02-26,2021-06-23,2021-09-21
56,1493,HotelFinder,6,2021-03-22,2021-06-25,2021-09-22
57,10771,Tripadvisor,7,2021-01-22,2021-08-15,2021-09-25
58,11372,Skyscanner,8,2021-01-25,2021-07-10,2021-09-27
59,9996,Travellodge,9,2021-05-08,2021-08-09,2021-09-12
60,4900,HolidayInn,10,2021-04-23,2021-06-17,2021-09-24
61,937,Trivago,1,2021-03-28,2021-08-03,2021-09-22
62,11188,Expedia,2,2021-04-14,2021-08-07,2021-08-29
63,9751,Booking.com,3,2021-03-07,2021-07-19,2021-09-19
64,6278,Hotels.com,4,2021-04-06,2021-08-21,2021-08-28
65,1938,Airbnb,5,2021-04-09,2021-06-25,2021-09-25
66,8412,HotelFinder,6,2021-03-13,2021-07-24,2021-09-16
67,10918,Tripadvisor,7,2021-01-08,2021-08-10,2021-09-03
68,4608,Skyscanner,8,2021-03-19,2021-07-07,2021-09-22
69,9790,Travellodge,9,2021-01-12,2021-08-01,2021-09-05
70,7455,HolidayInn,10,2021-04-16,2021-08-22,2021-09-27
71,5371,Trivago,1,2021-02-18,2021-08-11,2021-09-17
72,1365,Expedia,2,2021-01-12,2021-07-18,2021-09-03
73,2442,Booking.com,3,2021-01-14,2021-08-17,2021-09-16
74,6033,Hotels.com,4,2021-02-07,2021-06-28,2021-09-28
75,10375,Airbnb,5,2021-04-26,2021-07-12,2021-09-14
76,8856,HotelFinder,6,2021-02-06,2021-07-06,2021-09-06
77,6535,Tripadvisor,7,2021-04-18,2021-06-25,2021-09-02
78,8234,Skyscanner,8,2021-05-24,2021-07-29,2021-09-18
79,3614,Travellodge,9,2021-03-17,2021-08-15,2021-09-26
80,9669,HolidayInn,10,2021-01-05,2021-08-10,2021-08-28
81,4834,Trivago,1,2021-02-19,2021-06-16,2021-09-13
82,10185,Expedia,2,2021-01-01,2021-06-16,2021-09-27
83,4698,Booking.com,3,2021-05-26,2021-06-20,2021-09-18
84,8022,Hotels.com,4,2021-04-13,2021-07-21,2021-09-23
85,1583,Airbnb,5,2021-03-05,2021-08-18,2021-09-13
86,8837,HotelFinder,6,2021-03-02,2021-08-01,2021-09-13
87,11778,Tripadvisor,7,2021-04-14,2021-08-01,2021-08-28
88,1074,Skyscanner,8,2021-05-16,2021-07-13,2021-09-09
89,1942,Travellodge,9,2021-04-22,2021-06-06,2021-09-18
90,8001,HolidayInn,10,2021-03-31,2021-07-26,2021-09-03
91,3426,Trivago,1,2021-03-01,2021-08-17,2021-09-29
92,4264,Expedia,2,2021-05-03,2021-08-07,2021-09-03
93,2508,Booking.com,3,2021-04-19,2021-07-14,2021-09-17
94,809,Hotels.com,4,2021-01-09,2021-08-22,2021-09-13
95,8440,Airbnb,5,2021-03-21,2021-06-26,2021-09-13
96,5116,HotelFinder,6,2021-01-28,2021-06-28,2021-09-19
97,65,Tripadvisor,7,2021-05-19,2021-07-19,2021-09-21
98,9132,Skyscanner,8,2021-01-11,2021-06-22,2021-09-21
99,11349,Travellodge,9,2021-05-25,2021-06-19,2021-08-31
100,10810,HolidayInn,10,2021-02-24,2021-06-18,2021-09-17
101,11444,Trivago,1,2021-03-28,2021-06-27,2021-08-29
102,6933,Expedia,2,2021-02-20,2021-06-02,2021-08-26
103,1332,Booking.com,3,2021-03-06,2021-08-23,2021-09-06
104,8651,Hotels.com,4,2021-05-12,2021-06-02,2021-09-22
105,5924,Airbnb,5,2021-02-14,2021-08-10,2021-08-27
106,9224,HotelFinder,6,2021-04-24,2021-06-12,2021-08-29
107,1256,Tripadvisor,7,2021-03-03,2021-06-17,2021-09-26
108,5714,Skyscanner,8,2021-03-23,2021-07-04,2021-08-30
109,4986,Travellodge,9,2021-01-06,2021-06-03,2021-09-26
110,1438,HolidayInn,10,2021-04-03,2021-07-08,2021-09-13
111,2829,Trivago,1,2021-05-16,2021-07-23,2021-09-26
112,10471,Expedia,2,2021-01-03,2021-08-23,2021-09-26
113,9813,Booking.com,3,2021-01-13,2021-08-19,2021-09-06
114,6024,Hotels.com,4,2021-03-12,2021-08-08,2021-09-25
115,6004,Airbnb,5,2021-03-17,2021-06-14,2021-09-29
116,9991,HotelFinder,6,2021-03-17,2021-08-04,2021-09-23
117,2838,Tripadvisor,7,2021-04-08,2021-06-29,2021-09-05
118,2461,Skyscanner,8,2021-04-24,2021-08-07,2021-08-27
119,11741,Travellodge,9,2021-01-25,2021-07-25,2021-08-26
120,5431,HolidayInn,10,2021-05-15,2021-07-06,2021-09-02
121,5342,Trivago,1,2021-05-10,2021-07-26,2021-09-11
122,3608,Expedia,2,2021-03-28,2021-07-30,2021-09-02
123,8722,Booking.com,3,2021-03-20,2021-08-13,2021-09-16
124,5479,Hotels.com,4,2021-01-02,2021-06-22,2021-09-03
125,8091,Airbnb,5,2021-04-18,2021-08-17,2021-09-28
126,11747,HotelFinder,6,2021-01-14,2021-06-26,2021-09-14
127,332,Tripadvisor,7,2021-04-13,2021-07-15,2021-09-29
128,6599,Skyscanner,8,2021-02-17,2021-08-10,2021-08-28
129,8211,Travellodge,9,2021-04-23,2021-07-09,2021-09-24
130,2080,HolidayInn,10,2021-04-08,2021-06-15,2021-09-21
131,3149,Trivago,1,2021-05-12,2021-07-04,2021-09-07
132,2001,Expedia,2,2021-05-25,2021-08-14,2021-09-10
133,2340,Booking.com,3,2021-01-06,2021-07-06,2021-08-27
134,11600,Hotels.com,4,2021-03-05,2021-08-11,2021-09-05
135,3282,Airbnb,5,2021-02-26,2021-07-27,2021-09-25
136,1973,HotelFinder,6,2021-05-22,2021-07-04,2021-08-28
137,9160,Tripadvisor,7,2021-03-30,2021-07-03,2021-08-28
138,2564,Skyscanner,8,2021-02-04,2021-06-29,2021-09-02
139,3279,Travellodge,9,2021-04-20,2021-08-10,2021-08-29
140,6567,HolidayInn,10,2021-03-09,2021-07-01,2021-09-25
141,3483,Trivago,1,2021-05-28,2021-08-13,2021-09-08
142,159,Expedia,2,2021-04-18,2021-08-07,2021-09-11
143,11133,Booking.com,3,2021-05-02,2021-06-01,2021-09-27
144,10626,Hotels.com,4,2021-05-25,2021-08-18,2021-09-21
145,5893,Airbnb,5,2021-02-10,2021-06-14,2021-09-18
146,7882,HotelFinder,6,2021-03-17,2021-08-12,2021-09-22
147,600,Tripadvisor,7,2021-04-15,2021-06-24,2021-09-09
148,1408,Skyscanner,8,2021-03-07,2021-06-26,2021-09-01
149,7490,Travellodge,9,2021-04-04,2021-07-06,2021-09-20
150,1746,HolidayInn,10,2021-02-27,2021-06-06,2021-09-11
151,11287,Trivago,1,2021-01-31,2021-07-09,2021-09-18
152,7409,Expedia,2,2021-03-27,2021-06-10,2021-08-27
153,8747,Booking.com,3,2021-02-16,2021-07-06,2021-09-24
154,2344,Hotels.com,4,2021-03-22,2021-08-19,2021-09-16
155,1019,Airbnb,5,2021-04-27,2021-06-02,2021-09-13
156,10372,HotelFinder,6,2021-01-04,2021-08-04,2021-09-15
157,1575,Tripadvisor,7,2021-04-04,2021-06-15,2021-08-26
158,1844,Skyscanner,8,2021-04-17,2021-07-18,2021-09-15
159,2638,Travellodge,9,2021-03-20,2021-08-14,2021-09-16
160,4043,HolidayInn,10,2021-02-07,2021-08-12,2021-08-25
161,235,Trivago,1,2021-03-11,2021-08-18,2021-09-05
162,8210,Expedia,2,2021-04-21,2021-06-01,2021-08-30
163,9272,Booking.com,3,2021-02-28,2021-07-01,2021-08-26
164,1729,Hotels.com,4,2021-02-04,2021-08-10,2021-09-19
165,5408,Airbnb,5,2021-05-05,2021-06-03,2021-09-21
166,940,HotelFinder,6,2021-03-18,2021-06-13,2021-09-11
167,9023,Tripadvisor,7,2021-01-26,2021-08-03,2021-09-24
168,2979,Skyscanner,8,2021-05-19,2021-06-12,2021-09-09
169,1342,Travellodge,9,2021-01-02,2021-06-14,2021-09-09
170,10981,HolidayInn,10,2021-02-22,2021-08-08,2021-09-13
171,4018,Trivago,1,2021-02-04,2021-08-06,2021-09-26
172,5960,Expedia,2,2021-01-31,2021-06-03,2021-09-18
173,1388,Booking.com,3,2021-01-09,2021-08-20,2021-09-22
174,11332,Hotels.com,4,2021-04-08,2021-07-29,2021-09-19
175,11910,Airbnb,5,2021-02-03,2021-07-13,2021-08-31
176,1123,HotelFinder,6,2021-04-01,2021-07-31,2021-09-26
177,10123,Tripadvisor,7,2021-02-15,2021-08-16,2021-08-27
178,4717,Skyscanner,8,2021-02-01,2021-07-08,2021-09-20
179,7005,Travellodge,9,2021-03-26,2021-07-06,2021-09-09
180,4495,HolidayInn,10,2021-03-26,2021-07-26,2021-09-15
181,252,Trivago,1,2021-05-08,2021-08-08,2021-09-16
182,11607,Expedia,2,2021-05-10,2021-07-02,2021-09-16
183,1517,Booking.com,3,2021-03-07,2021-08-21,2021-09-21
184,11126,Hotels.com,4,2021-03-05,2021-06-17,2021-08-31
185,1056,Airbnb,5,2021-01-11,2021-07-17,2021-09-17
186,10398,HotelFinder,6,2021-01-02,2021-08-01,2021-09-18
187,3638,Tripadvisor,7,2021-04-19,2021-08-23,2021-09-18
188,9854,Skyscanner,8,2021-04-20,2021-06-11,2021-08-27
189,5202,Travellodge,9,2021-02-25,2021-07-07,2021-09-15
190,1978,HolidayInn,10,2021-05-26,2021-08-12,2021-09-12
191,8098,Trivago,1,2021-05-25,2021-06-25,2021-09-11
192,8231,Expedia,2,2021-02-26,2021-06-20,2021-09-18
193,10166,Booking.com,3,2021-02-24,2021-07-09,2021-09-20
194,10795,Hotels.com,4,2021-01-11,2021-08-22,2021-09-03
195,4023,Airbnb,5,2021-02-10,2021-06-28,2021-09-16
196,3130,HotelFinder,6,2021-03-31,2021-06-21,2021-09-25
197,129,Tripadvisor,7,2021-04-16,2021-07-02,2021-08-31
198,11697,Skyscanner,8,2021-02-19,2021-06-01,2021-08-29
199,1214,Travellodge,9,2021-04-01,2021-07-24,2021-09-14
200,10537,HolidayInn,10,2021-03-28,2021-06-26,2021-09-15
201,73,Trivago,1,2021-04-14,2021-07-20,2021-09-18
202,876,Expedia,2,2021-04-09,2021-06-07,2021-09-16
203,1745,Booking.com,3,2021-01-10,2021-07-26,2021-09-06
204,5752,Hotels.com,4,2021-05-09,2021-07-09,2021-09-04
205,4035,Airbnb,5,2021-01-28,2021-07-24,2021-09-19
206,1036,HotelFinder,6,2021-02-19,2021-06-24,2021-09-12
207,6383,Tripadvisor,7,2021-04-03,2021-07-29,2021-09-13
208,4227,Skyscanner,8,2021-02-27,2021-06-15,2021-09-22
209,10277,Travellodge,9,2021-05-16,2021-07-30,2021-09-03
210,3494,HolidayInn,10,2021-04-03,2021-06-30,2021-09-27
211,8521,Trivago,1,2021-03-19,2021-06-11,2021-09-22
212,7535,Expedia,2,2021-01-14,2021-07-06,2021-09-27
213,8335,Booking.com,3,2021-05-27,2021-07-01,2021-08-25
214,10474,Hotels.com,4,2021-05-14,2021-07-28,2021-09-20
215,7560,Airbnb,5,2021-02-21,2021-07-14,2021-09-20
216,8724,HotelFinder,6,2021-03-09,2021-07-10,2021-08-27
217,10955,Tripadvisor,7,2021-05-14,2021-07-08,2021-09-06
218,5710,Skyscanner,8,2021-03-23,2021-06-19,2021-09-29
219,5331,Travellodge,9,2021-02-26,2021-07-19,2021-09-26
220,8504,HolidayInn,10,2021-01-26,2021-06-19,2021-08-28
221,4814,Trivago,1,2021-03-15,2021-07-02,2021-09-19
222,10140,Expedia,2,2021-05-21,2021-06-12,2021-08-26
223,5042,Booking.com,3,2021-05-02,2021-06-13,2021-08-25
224,2440,Hotels.com,4,2021-03-04,2021-07-19,2021-09-04
225,11346,Airbnb,5,2021-03-19,2021-06-01,2021-08-30
226,8348,HotelFinder,6,2021-04-23,2021-07-16,2021-09-13
227,6127,Tripadvisor,7,2021-02-25,2021-06-08,2021-09-06
228,938,Skyscanner,8,2021-05-04,2021-06-18,2021-09-23
229,496,Travellodge,9,2021-05-17,2021-07-19,2021-09-26
230,3437,HolidayInn,10,2021-01-31,2021-08-14,2021-08-25
231,8030,Trivago,1,2021-05-06,2021-07-14,2021-08-28
232,2893,Expedia,2,2021-04-02,2021-06-10,2021-09-12
233,5181,Booking.com,3,2021-05-03,2021-07-16,2021-09-22
234,9453,Hotels.com,4,2021-02-12,2021-06-14,2021-09-18
235,8239,Airbnb,5,2021-01-20,2021-06-06,2021-09-10
236,7637,HotelFinder,6,2021-05-22,2021-06-23,2021-09-16
237,7774,Tripadvisor,7,2021-05-17,2021-08-07,2021-09-24
238,2054,Skyscanner,8,2021-03-29,2021-06-16,2021-09-14
239,7921,Travellodge,9,2021-02-11,2021-07-16,2021-09-06
240,4375,HolidayInn,10,2021-05-18,2021-07-29,2021-09-06
241,9623,Trivago,1,2021-05-02,2021-08-18,2021-09-08
242,10273,Expedia,2,2021-03-24,2021-07-20,2021-09-12
243,4118,Booking.com,3,2021-04-18,2021-07-05,2021-09-02
244,10032,Hotels.com,4,2021-05-17,2021-08-07,2021-09-18
245,283,Airbnb,5,2021-02-25,2021-06-18,2021-09-09
246,2113,HotelFinder,6,2021-04-07,2021-08-12,2021-09-04
247,9151,Tripadvisor,7,2021-02-22,2021-06-23,2021-09-23
248,2939,Skyscanner,8,2021-04-09,2021-07-28,2021-08-30
249,7254,Travellodge,9,2021-01-20,2021-06-15,2021-09-18
250,11696,HolidayInn,10,2021-04-24,2021-06-23,2021-09-15
251,8899,Trivago,1,2021-04-07,2021-06-25,2021-09-01
252,882,Expedia,2,2021-01-26,2021-07-23,2021-09-13
253,5764,Booking.com,3,2021-03-11,2021-06-14,2021-09-07
254,9850,Hotels.com,4,2021-02-07,2021-07-21,2021-09-06
255,237,Airbnb,5,2021-02-13,2021-08-04,2021-08-29
256,3044,HotelFinder,6,2021-01-07,2021-07-29,2021-09-14
257,6625,Tripadvisor,7,2021-02-15,2021-08-09,2021-09-11
258,10494,Skyscanner,8,2021-02-22,2021-08-03,2021-08-27
259,2019,Travellodge,9,2021-01-19,2021-07-10,2021-09-13
260,7047,HolidayInn,10,2021-02-03,2021-06-05,2021-09-05
261,8120,Trivago,1,2021-01-20,2021-06-12,2021-09-20
262,5871,Expedia,2,2021-03-06,2021-08-03,2021-09-02
263,8049,Booking.com,3,2021-04-29,2021-07-17,2021-08-30
264,6319,Hotels.com,4,2021-05-10,2021-08-12,2021-09-07
265,495,Airbnb,5,2021-02-01,2021-07-30,2021-09-28
266,8419,HotelFinder,6,2021-02-06,2021-08-11,2021-09-09
267,555,Tripadvisor,7,2021-04-22,2021-06-26,2021-09-01
268,9481,Skyscanner,8,2021-01-18,2021-08-21,2021-09-05
269,11487,Travellodge,9,2021-01-22,2021-06-16,2021-09-04
270,9996,HolidayInn,10,2021-02-26,2021-07-13,2021-09-26
271,6350,Trivago,1,2021-04-15,2021-06-18,2021-09-14
272,4908,Expedia,2,2021-01-30,2021-08-07,2021-09-26
273,512,Booking.com,3,2021-01-13,2021-06-07,2021-09-26
274,4990,Hotels.com,4,2021-01-23,2021-07-09,2021-09-01
275,10001,Airbnb,5,2021-02-15,2021-08-13,2021-09-18
276,9787,HotelFinder,6,2021-05-16,2021-07-17,2021-09-01
277,3272,Tripadvisor,7,2021-03-08,2021-08-07,2021-09-06
278,8489,Skyscanner,8,2021-04-01,2021-06-26,2021-08-28
279,9166,Travellodge,9,2021-05-03,2021-08-18,2021-08-25
280,5987,HolidayInn,10,2021-05-16,2021-08-04,2021-09-17
281,8229,Trivago,1,2021-01-10,2021-06-22,2021-08-28
282,9430,Expedia,2,2021-02-19,2021-06-10,2021-09-07
283,1345,Booking.com,3,2021-03-20,2021-08-13,2021-09-07
284,1037,Hotels.com,4,2021-05-01,2021-08-20,2021-09-26
285,3162,Airbnb,5,2021-05-13,2021-06-05,2021-08-25
286,226,HotelFinder,6,2021-03-02,2021-08-01,2021-09-05
287,1217,Tripadvisor,7,2021-01-22,2021-06-14,2021-09-22
288,8552,Skyscanner,8,2021-01-19,2021-08-01,2021-09-16
289,11049,Travellodge,9,2021-04-14,2021-08-21,2021-09-05
290,6424,HolidayInn,10,2021-04-26,2021-07-11,2021-09-24
291,4844,Trivago,1,2021-01-04,2021-07-31,2021-09-12
292,565,Expedia,2,2021-02-21,2021-06-16,2021-09-09
293,1250,Booking.com,3,2021-03-19,2021-08-22,2021-09-08
294,1675,Hotels.com,4,2021-03-17,2021-08-14,2021-09-14
295,7930,Airbnb,5,2021-05-11,2021-08-02,2021-09-03
296,4290,HotelFinder,6,2021-04-05,2021-07-28,2021-09-14
297,1121,Tripadvisor,7,2021-05-09,2021-07-01,2021-09-03
298,707,Skyscanner,8,2021-05-09,2021-06-29,2021-09-18
299,8086,Travellodge,9,2021-02-04,2021-06-25,2021-09-12
300,775,HolidayInn,10,2021-04-10,2021-07-07,2021-09-04
301,5122,Trivago,1,2021-01-28,2021-07-26,2021-09-02
302,10233,Expedia,2,2021-05-27,2021-07-04,2021-09-18
303,7520,Booking.com,3,2021-01-10,2021-07-22,2021-09-10
304,5382,Hotels.com,4,2021-03-05,2021-06-12,2021-08-28
305,62,Airbnb,5,2021-03-05,2021-07-08,2021-08-25
306,6308,HotelFinder,6,2021-01-26,2021-08-13,2021-09-06
307,2962,Tripadvisor,7,2021-04-16,2021-06-30,2021-09-21
308,10450,Skyscanner,8,2021-03-31,2021-08-23,2021-09-12
309,3934,Travellodge,9,2021-01-03,2021-08-06,2021-08-27
310,8091,HolidayInn,10,2021-03-02,2021-07-08,2021-09-27
311,4857,Trivago,1,2021-04-18,2021-07-07,2021-09-04
312,1122,Expedia,2,2021-02-05,2021-07-21,2021-09-12
313,11359,Booking.com,3,2021-04-29,2021-07-21,2021-09-27
314,2126,Hotels.com,4,2021-04-06,2021-06-21,2021-09-23
315,8233,Airbnb,5,2021-03-27,2021-06-22,2021-09-04
316,10866,HotelFinder,6,2021-03-08,2021-06-15,2021-09-18
317,3695,Tripadvisor,7,2021-05-12,2021-06-05,2021-09-12
318,1425,Skyscanner,8,2021-01-22,2021-08-07,2021-08-30
319,3094,Travellodge,9,2021-01-27,2021-07-17,2021-08-31
320,1177,HolidayInn,10,2021-04-17,2021-06-20,2021-09-28
321,8132,Trivago,1,2021-04-21,2021-07-29,2021-09-13
322,7104,Expedia,2,2021-03-23,2021-06-09,2021-09-02
323,1845,Booking.com,3,2021-01-14,2021-07-16,2021-09-11
324,10994,Hotels.com,4,2021-01-08,2021-07-29,2021-09-23
325,8834,Airbnb,5,2021-01-18,2021-06-07,2021-09-15
326,4031,HotelFinder,6,2021-03-06,2021-08-03,2021-09-02
327,11470,Tripadvisor,7,2021-03-25,2021-07-27,2021-09-13
328,10008,Skyscanner,8,2021-01-23,2021-07-18,2021-09-24
329,11702,Travellodge,9,2021-03-28,2021-07-12,2021-09-17
330,11194,HolidayInn,10,2021-02-02,2021-07-08,2021-09-07
331,11891,Trivago,1,2021-03-06,2021-07-01,2021-09-02
332,5878,Expedia,2,2021-05-13,2021-08-09,2021-08-27
333,10864,Booking.com,3,2021-03-08,2021-06-25,2021-09-11
334,9148,Hotels.com,4,2021-01-07,2021-08-11,2021-08-29
335,8046,Airbnb,5,2021-03-05,2021-06-18,2021-09-06
336,9704,HotelFinder,6,2021-05-09,2021-07-02,2021-08-25
337,4075,Tripadvisor,7,2021-04-16,2021-06-17,2021-09-29
338,6289,Skyscanner,8,2021-03-14,2021-07-31,2021-08-26
339,4758,Travellodge,9,2021-04-19,2021-07-07,2021-09-06
340,10583,HolidayInn,10,2021-05-17,2021-08-21,2021-08-31
341,2446,Trivago,1,2021-04-11,2021-07-07,2021-09-23
342,7907,Expedia,2,2021-02-18,2021-08-04,2021-09-19
343,3472,Booking.com,3,2021-03-04,2021-07-30,2021-09-02
344,11645,Hotels.com,4,2021-03-26,2021-06-13,2021-09-11
345,203,Airbnb,5,2021-03-12,2021-07-16,2021-08-30
346,1735,HotelFinder,6,2021-01-15,2021-07-31,2021-08-29
347,6459,Tripadvisor,7,2021-02-27,2021-08-06,2021-09-28
348,7893,Skyscanner,8,2021-05-17,2021-08-07,2021-09-17
349,7989,Travellodge,9,2021-02-16,2021-06-05,2021-09-18
350,5305,HolidayInn,10,2021-05-27,2021-06-17,2021-09-05
351,5569,Trivago,1,2021-04-30,2021-08-04,2021-09-21
352,4573,Expedia,2,2021-03-07,2021-06-01,2021-08-29
353,11054,Booking.com,3,2021-03-22,2021-08-16,2021-08-28
354,4110,Hotels.com,4,2021-02-25,2021-08-03,2021-09-25
355,7920,Airbnb,5,2021-01-07,2021-07-29,2021-08-26
356,873,HotelFinder,6,2021-03-10,2021-06-03,2021-09-19
357,7016,Tripadvisor,7,2021-03-10,2021-07-14,2021-09-04
358,11054,Skyscanner,8,2021-03-28,2021-07-25,2021-09-06
359,11556,Travellodge,9,2021-04-24,2021-07-28,2021-08-25
360,3180,HolidayInn,10,2021-04-30,2021-08-19,2021-09-14
361,4104,Trivago,1,2021-02-23,2021-08-04,2021-09-28
362,8217,Expedia,2,2021-02-02,2021-06-22,2021-08-28
363,2585,Booking.com,3,2021-03-05,2021-07-11,2021-09-17
364,11637,Hotels.com,4,2021-02-14,2021-07-24,2021-09-02
365,1589,Airbnb,5,2021-04-28,2021-07-03,2021-08-30
366,3766,HotelFinder,6,2021-02-19,2021-08-07,2021-08-25
367,5982,Tripadvisor,7,2021-05-08,2021-08-19,2021-09-25
368,275,Skyscanner,8,2021-05-18,2021-06-25,2021-09-24
369,5014,Travellodge,9,2021-03-29,2021-06-01,2021-08-31
370,3651,HolidayInn,10,2021-02-22,2021-07-11,2021-09-15
371,5483,Trivago,1,2021-03-07,2021-07-25,2021-09-10
372,5454,Expedia,2,2021-05-09,2021-07-11,2021-09-08
373,11220,Booking.com,3,2021-04-29,2021-06-11,2021-09-01
374,6296,Hotels.com,4,2021-01-27,2021-07-04,2021-09-04
375,8973,Airbnb,5,2021-03-03,2021-08-06,2021-09-05
376,1302,HotelFinder,6,2021-04-12,2021-06-30,2021-09-13
377,297,Tripadvisor,7,2021-04-30,2021-06-15,2021-08-31
378,706,Skyscanner,8,2021-01-03,2021-07-04,2021-09-09
379,3716,Travellodge,9,2021-04-18,2021-06-30,2021-09-28
380,11238,HolidayInn,10,2021-01-27,2021-08-11,2021-09-04
381,11095,Trivago,1,2021-05-27,2021-06-01,2021-09-10
382,3042,Expedia,2,2021-05-22,2021-08-18,2021-09-11
383,8537,Booking.com,3,2021-05-21,2021-07-12,2021-08-27
384,10945,Hotels.com,4,2021-05-08,2021-08-02,2021-09-23
385,9158,Airbnb,5,2021-01-10,2021-08-10,2021-08-31
386,1741,HotelFinder,6,2021-04-14,2021-07-14,2021-09-01
387,3225,Tripadvisor,7,2021-01-30,2021-07-25,2021-09-28
388,3433,Skyscanner,8,2021-04-03,2021-07-10,2021-09-04
389,7120,Travellodge,9,2021-04-27,2021-06-14,2021-08-25
390,3779,HolidayInn,10,2021-05-20,2021-06-14,2021-09-07
391,5171,Trivago,1,2021-03-16,2021-07-27,2021-08-26
392,7093,Expedia,2,2021-01-28,2021-06-20,2021-09-23
393,10551,Booking.com,3,2021-05-13,2021-06-12,2021-08-30
394,3552,Hotels.com,4,2021-02-16,2021-08-16,2021-09-18
395,9824,Airbnb,5,2021-02-15,2021-07-09,2021-09-24
396,3956,HotelFinder,6,2021-02-15,2021-08-11,2021-08-30
397,8900,Tripadvisor,7,2021-02-08,2021-07-21,2021-09-26
398,8859,Skyscanner,8,2021-01-07,2021-08-16,2021-09-03
399,6062,Travellodge,9,2021-03-22,2021-06-04,2021-09-02
400,1212,HolidayInn,10,2021-03-08,2021-06-03,2021-08-27
401,5709,Trivago,1,2021-03-02,2021-08-08,2021-09-26
402,6163,Expedia,2,2021-05-04,2021-08-05,2021-09-07
403,8192,Booking.com,3,2021-03-28,2021-07-26,2021-08-25
404,7065,Hotels.com,4,2021-04-28,2021-06-23,2021-09-11
405,10881,Airbnb,5,2021-01-07,2021-08-15,2021-09-01
406,72,HotelFinder,6,2021-02-26,2021-08-20,2021-08-31
407,6178,Tripadvisor,7,2021-05-18,2021-07-07,2021-09-10
408,969,Skyscanner,8,2021-04-14,2021-07-22,2021-09-14
409,11378,Travellodge,9,2021-05-15,2021-07-17,2021-08-27
410,3252,HolidayInn,10,2021-05-09,2021-07-09,2021-09-20
411,4936,Trivago,1,2021-02-11,2021-08-11,2021-09-21
412,4262,Expedia,2,2021-03-16,2021-06-18,2021-09-19
413,5292,Booking.com,3,2021-04-01,2021-07-10,2021-09-15
414,9713,Hotels.com,4,2021-01-15,2021-07-13,2021-09-03
415,7829,Airbnb,5,2021-05-15,2021-08-13,2021-09-17
416,9254,HotelFinder,6,2021-05-01,2021-07-24,2021-09-20
417,8297,Tripadvisor,7,2021-01-11,2021-08-20,2021-09-09
418,6159,Skyscanner,8,2021-05-18,2021-08-23,2021-09-29
419,484,Travellodge,9,2021-01-13,2021-08-22,2021-09-09
420,7628,HolidayInn,10,2021-05-06,2021-07-23,2021-09-18
421,794,Trivago,1,2021-01-19,2021-08-03,2021-09-18
422,5803,Expedia,2,2021-02-26,2021-08-15,2021-09-15
423,2086,Booking.com,3,2021-02-18,2021-06-11,2021-09-17
424,6870,Hotels.com,4,2021-05-27,2021-07-30,2021-08-29
425,10228,Airbnb,5,2021-03-30,2021-07-23,2021-09-29
426,3411,HotelFinder,6,2021-01-25,2021-08-01,2021-09-11
427,3997,Tripadvisor,7,2021-05-26,2021-07-28,2021-09-03
428,5981,Skyscanner,8,2021-02-13,2021-07-14,2021-09-04
429,11425,Travellodge,9,2021-05-20,2021-06-27,2021-08-30
430,3719,HolidayInn,10,2021-01-24,2021-07-06,2021-09-01
431,11546,Trivago,1,2021-01-29,2021-07-03,2021-08-31
432,2012,Expedia,2,2021-04-17,2021-07-10,2021-09-25
433,5901,Booking.com,3,2021-04-18,2021-08-08,2021-09-28
434,5252,Hotels.com,4,2021-04-20,2021-06-11,2021-09-11
435,8553,Airbnb,5,2021-03-12,2021-08-05,2021-09-24
436,8056,HotelFinder,6,2021-05-22,2021-06-05,2021-09-01
437,2827,Tripadvisor,7,2021-01-23,2021-08-19,2021-09-14
438,1973,Skyscanner,8,2021-05-28,2021-07-27,2021-09-14
439,9542,Travellodge,9,2021-04-16,2021-06-16,2021-09-24
440,686,HolidayInn,10,2021-03-20,2021-06-30,2021-09-22
441,6498,Trivago,1,2021-05-23,2021-08-13,2021-08-25
442,3480,Expedia,2,2021-01-20,2021-07-28,2021-09-09
443,977,Booking.com,3,2021-04-18,2021-07-22,2021-09-19
444,11066,Hotels.com,4,2021-04-13,2021-06-16,2021-09-10
445,5011,Airbnb,5,2021-04-14,2021-06-01,2021-08-27
446,1484,HotelFinder,6,2021-04-29,2021-07-25,2021-09-05
447,4171,Tripadvisor,7,2021-05-09,2021-08-17,2021-09-22
448,3825,Skyscanner,8,2021-02-02,2021-07-25,2021-09-28
449,5557,Travellodge,9,2021-02-27,2021-08-21,2021-09-29
450,7600,HolidayInn,10,2021-05-23,2021-07-24,2021-09-05
451,4232,Trivago,1,2021-05-09,2021-07-24,2021-09-20
452,4477,Expedia,2,2021-01-22,2021-06-05,2021-09-15
453,1116,Booking.com,3,2021-05-28,2021-08-10,2021-09-28
454,11829,Hotels.com,4,2021-04-24,2021-07-11,2021-09-29
455,9425,Airbnb,5,2021-01-20,2021-07-19,2021-09-24
456,6784,HotelFinder,6,2021-04-26,2021-08-21,2021-09-18
457,8279,Tripadvisor,7,2021-01-26,2021-07-20,2021-09-22
458,9357,Skyscanner,8,2021-05-06,2021-08-15,2021-09-04
459,6553,Travellodge,9,2021-04-23,2021-07-04,2021-09-27
460,2527,HolidayInn,10,2021-04-07,2021-06-12,2021-08-31
461,7965,Trivago,1,2021-04-29,2021-06-21,2021-09-29
462,4727,Expedia,2,2021-04-26,2021-08-17,2021-08-28
463,2026,Booking.com,3,2021-01-24,2021-07-22,2021-09-09
464,8092,Hotels.com,4,2021-05-08,2021-06-26,2021-09-09
465,2866,Airbnb,5,2021-02-22,2021-08-16,2021-09-02
466,11360,HotelFinder,6,2021-01-02,2021-07-19,2021-08-26
467,2969,Tripadvisor,7,2021-03-06,2021-06-04,2021-09-15
468,8208,Skyscanner,8,2021-01-07,2021-07-26,2021-09-07
469,10077,Travellodge,9,2021-05-22,2021-08-13,2021-09-19
470,745,HolidayInn,10,2021-01-09,2021-06-08,2021-09-09
471,7383,Trivago,1,2021-04-22,2021-07-20,2021-09-25
472,9207,Expedia,2,2021-05-27,2021-06-19,2021-09-21
473,6520,Booking.com,3,2021-01-18,2021-06-24,2021-08-25
474,479,Hotels.com,4,2021-01-15,2021-06-13,2021-09-17
475,2792,Airbnb,5,2021-05-13,2021-07-03,2021-09-07
476,9100,HotelFinder,6,2021-03-05,2021-06-03,2021-09-17
477,11672,Tripadvisor,7,2021-04-30,2021-06-05,2021-09-05
478,8624,Skyscanner,8,2021-02-06,2021-06-02,2021-09-09
479,9749,Travellodge,9,2021-04-13,2021-06-05,2021-09-06
480,7048,HolidayInn,10,2021-04-26,2021-06-17,2021-09-05
481,7831,Trivago,1,2021-01-18,2021-08-13,2021-08-31
482,244,Expedia,2,2021-02-12,2021-07-07,2021-09-21
483,8608,Booking.com,3,2021-03-17,2021-06-22,2021-09-04
484,7135,Hotels.com,4,2021-04-26,2021-06-24,2021-09-11
485,2222,Airbnb,5,2021-05-14,2021-06-29,2021-09-18
486,8848,HotelFinder,6,2021-03-30,2021-08-06,2021-09-18
487,620,Tripadvisor,7,2021-01-15,2021-06-13,2021-09-07
488,11102,Skyscanner,8,2021-05-24,2021-06-21,2021-09-29
489,745,Travellodge,9,2021-03-08,2021-08-22,2021-09-26
490,196,HolidayInn,10,2021-01-07,2021-07-17,2021-09-06
491,801,Trivago,1,2021-04-15,2021-08-08,2021-09-06
492,2733,Expedia,2,2021-02-10,2021-06-05,2021-09-24
493,6017,Booking.com,3,2021-05-26,2021-08-03,2021-09-15
494,9212,Hotels.com,4,2021-04-09,2021-06-24,2021-09-27
495,230,Airbnb,5,2021-04-04,2021-07-24,2021-08-29
496,4470,HotelFinder,6,2021-04-16,2021-08-09,2021-09-16
497,3740,Tripadvisor,7,2021-03-04,2021-07-09,2021-09-01
498,4261,Skyscanner,8,2021-05-02,2021-08-03,2021-09-25
499,7066,Travellodge,9,2021-02-28,2021-07-20,2021-09-20
500,2400,HolidayInn,10,2021-03-12,2021-08-22,2021-09-26
501,43,Trivago,1,2021-01-24,2021-07-22,2021-08-26
502,4985,Expedia,2,2021-02-07,2021-08-15,2021-09-23
503,477,Booking.com,3,2021-05-08,2021-07-03,2021-09-18
504,11398,Hotels.com,4,2021-03-31,2021-07-02,2021-09-09
505,495,Airbnb,5,2021-04-07,2021-07-18,2021-09-25
506,7969,HotelFinder,6,2021-05-15,2021-08-19,2021-09-26
507,3815,Tripadvisor,7,2021-02-11,2021-08-02,2021-09-26
508,9370,Skyscanner,8,2021-02-27,2021-07-03,2021-09-16
509,1904,Travellodge,9,2021-01-27,2021-06-19,2021-08-28
510,4861,HolidayInn,10,2021-02-21,2021-07-03,2021-08-25
511,4370,Trivago,1,2021-03-04,2021-07-05,2021-08-27
512,10832,Expedia,2,2021-02-08,2021-06-11,2021-09-20
513,9379,Booking.com,3,2021-02-17,2021-08-16,2021-09-09
514,4669,Hotels.com,4,2021-05-27,2021-06-05,2021-09-08
515,10241,Airbnb,5,2021-05-07,2021-07-19,2021-09-21
516,10117,HotelFinder,6,2021-05-25,2021-08-07,2021-09-09
517,9871,Tripadvisor,7,2021-05-24,2021-06-30,2021-09-07
518,132,Skyscanner,8,2021-05-27,2021-08-04,2021-09-06
519,2779,Travellodge,9,2021-01-13,2021-06-28,2021-09-20
520,537,HolidayInn,10,2021-01-18,2021-06-02,2021-09-17
521,6862,Trivago,1,2021-01-10,2021-07-17,2021-09-12
522,8142,Expedia,2,2021-02-03,2021-07-30,2021-09-03
523,8052,Booking.com,3,2021-05-14,2021-06-26,2021-09-17
524,9511,Hotels.com,4,2021-02-01,2021-08-07,2021-08-28
525,3157,Airbnb,5,2021-03-23,2021-07-21,2021-08-30
526,4071,HotelFinder,6,2021-01-04,2021-07-31,2021-09-29
527,2937,Tripadvisor,7,2021-03-16,2021-08-09,2021-09-08
528,2718,Skyscanner,8,2021-02-18,2021-08-19,2021-08-31
529,10672,Travellodge,9,2021-01-26,2021-07-25,2021-09-01
530,11277,HolidayInn,10,2021-03-04,2021-08-19,2021-09-03
531,3231,Trivago,1,2021-01-07,2021-07-30,2021-08-25
532,7099,Expedia,2,2021-04-10,2021-08-13,2021-09-17
533,6872,Booking.com,3,2021-02-18,2021-07-27,2021-09-05
534,7276,Hotels.com,4,2021-04-10,2021-06-10,2021-09-01
535,1741,Airbnb,5,2021-02-04,2021-07-06,2021-09-23
536,4260,HotelFinder,6,2021-05-12,2021-07-06,2021-09-05
537,1466,Tripadvisor,7,2021-04-14,2021-08-16,2021-09-07
538,9057,Skyscanner,8,2021-04-23,2021-07-18,2021-09-27
539,10272,Travellodge,9,2021-03-22,2021-06-02,2021-09-14
540,3346,HolidayInn,10,2021-03-08,2021-08-07,2021-09-12
541,9085,Trivago,1,2021-05-20,2021-07-15,2021-09-23
542,2426,Expedia,2,2021-04-12,2021-06-01,2021-09-01
543,6604,Booking.com,3,2021-04-09,2021-07-11,2021-09-13
544,8222,Hotels.com,4,2021-05-01,2021-08-04,2021-09-09
545,180,Airbnb,5,2021-02-02,2021-08-03,2021-09-24
546,4545,HotelFinder,6,2021-02-17,2021-08-21,2021-08-31
547,1105,Tripadvisor,7,2021-02-01,2021-07-14,2021-09-19
548,4607,Skyscanner,8,2021-04-16,2021-06-17,2021-09-19
549,463,Travellodge,9,2021-02-10,2021-06-13,2021-09-13
550,4517,HolidayInn,10,2021-05-18,2021-07-09,2021-09-05
551,2518,Trivago,1,2021-04-19,2021-07-18,2021-09-09
552,8199,Expedia,2,2021-01-04,2021-07-09,2021-09-08
553,8639,Booking.com,3,2021-04-08,2021-06-26,2021-09-19
554,6314,Hotels.com,4,2021-03-20,2021-08-05,2021-09-28
555,9932,Airbnb,5,2021-01-16,2021-06-30,2021-09-16
556,11004,HotelFinder,6,2021-01-01,2021-07-29,2021-09-25
557,9170,Tripadvisor,7,2021-03-03,2021-06-27,2021-09-11
558,1880,Skyscanner,8,2021-01-20,2021-07-25,2021-09-10
559,2795,Travellodge,9,2021-02-14,2021-08-05,2021-09-08
560,6311,HolidayInn,10,2021-01-01,2021-07-17,2021-09-21
561,7900,Trivago,1,2021-01-09,2021-06-13,2021-09-08
562,4043,Expedia,2,2021-02-13,2021-06-07,2021-09-09
563,3021,Booking.com,3,2021-04-30,2021-06-25,2021-09-24
564,860,Hotels.com,4,2021-02-02,2021-06-28,2021-09-02
565,8756,Airbnb,5,2021-04-01,2021-07-05,2021-09-23
566,682,HotelFinder,6,2021-02-10,2021-06-06,2021-09-21
567,2888,Tripadvisor,7,2021-03-01,2021-08-13,2021-08-28
568,3715,Skyscanner,8,2021-05-10,2021-07-23,2021-09-09
569,218,Travellodge,9,2021-05-19,2021-07-17,2021-09-07
570,10052,HolidayInn,10,2021-02-14,2021-08-20,2021-09-21
571,5502,Trivago,1,2021-04-26,2021-07-06,2021-09-04
572,9238,Expedia,2,2021-03-14,2021-07-18,2021-08-28
573,9489,Booking.com,3,2021-03-06,2021-07-09,2021-08-27
574,3261,Hotels.com,4,2021-05-02,2021-07-08,2021-08-26
575,8596,Airbnb,5,2021-02-28,2021-07-10,2021-09-14
576,2462,HotelFinder,6,2021-02-11,2021-07-22,2021-09-15
577,6097,Tripadvisor,7,2021-02-17,2021-07-19,2021-09-15
578,11110,Skyscanner,8,2021-02-17,2021-08-09,2021-08-28
579,8877,Travellodge,9,2021-02-15,2021-07-16,2021-08-30
580,5742,HolidayInn,10,2021-01-24,2021-08-18,2021-09-29
581,4466,Trivago,1,2021-01-18,2021-06-15,2021-08-25
582,2579,Expedia,2,2021-01-13,2021-08-21,2021-09-22
583,6395,Booking.com,3,2021-05-11,2021-06-15,2021-09-27
584,10984,Hotels.com,4,2021-01-12,2021-08-05,2021-09-20
585,7460,Airbnb,5,2021-02-24,2021-06-20,2021-08-26
586,6729,HotelFinder,6,2021-04-10,2021-07-31,2021-09-18
587,2194,Tripadvisor,7,2021-05-07,2021-06-04,2021-09-23
588,4191,Skyscanner,8,2021-03-14,2021-08-19,2021-09-11
589,2668,Travellodge,9,2021-04-04,2021-08-11,2021-09-22
590,1780,HolidayInn,10,2021-04-04,2021-06-05,2021-09-27
591,6006,Trivago,1,2021-01-22,2021-08-11,2021-09-09
592,5375,Expedia,2,2021-05-06,2021-08-06,2021-09-27
593,240,Booking.com,3,2021-05-11,2021-07-04,2021-09-02
594,7433,Hotels.com,4,2021-02-09,2021-08-23,2021-09-21
595,6618,Airbnb,5,2021-05-06,2021-08-05,2021-09-11
596,6335,HotelFinder,6,2021-01-27,2021-06-25,2021-09-13
597,2871,Tripadvisor,7,2021-01-18,2021-08-21,2021-09-16
598,1473,Skyscanner,8,2021-03-11,2021-06-22,2021-09-29
599,2093,Travellodge,9,2021-02-21,2021-08-16,2021-09-28
600,8600,HolidayInn,10,2021-01-15,2021-06-16,2021-09-25
601,4971,Trivago,1,2021-05-06,2021-08-07,2021-09-17
602,254,Expedia,2,2021-05-14,2021-07-05,2021-08-29
603,9858,Booking.com,3,2021-02-10,2021-06-08,2021-09-09
604,11852,Hotels.com,4,2021-02-16,2021-08-17,2021-09-27
605,10913,Airbnb,5,2021-04-24,2021-07-26,2021-08-31
606,8207,HotelFinder,6,2021-02-22,2021-06-22,2021-09-23
607,9081,Tripadvisor,7,2021-04-09,2021-06-10,2021-09-28
608,1572,Skyscanner,8,2021-04-01,2021-07-25,2021-09-13
609,8809,Travellodge,9,2021-05-07,2021-08-03,2021-09-27
610,6346,HolidayInn,10,2021-03-22,2021-06-11,2021-09-02
611,8265,Trivago,1,2021-05-25,2021-07-14,2021-08-26
612,7589,Expedia,2,2021-02-01,2021-07-19,2021-09-14
613,258,Booking.com,3,2021-01-11,2021-07-13,2021-09-11
614,5479,Hotels.com,4,2021-01-29,2021-07-18,2021-09-12
615,10542,Airbnb,5,2021-02-27,2021-07-04,2021-09-27
616,1311,HotelFinder,6,2021-03-12,2021-06-25,2021-09-23
617,11654,Tripadvisor,7,2021-02-04,2021-08-10,2021-09-04
618,1028,Skyscanner,8,2021-04-17,2021-07-27,2021-09-16
619,3408,Travellodge,9,2021-03-28,2021-06-11,2021-09-03
620,5831,HolidayInn,10,2021-03-21,2021-06-13,2021-09-10
621,1056,Trivago,1,2021-03-02,2021-06-29,2021-09-24
622,4696,Expedia,2,2021-01-10,2021-06-23,2021-09-06
623,1110,Booking.com,3,2021-03-22,2021-08-06,2021-09-08
624,4848,Hotels.com,4,2021-03-05,2021-07-06,2021-09-09
625,5034,Airbnb,5,2021-04-26,2021-06-02,2021-09-05
626,1166,HotelFinder,6,2021-04-22,2021-07-22,2021-09-24
627,2973,Tripadvisor,7,2021-02-03,2021-06-26,2021-09-15
628,1705,Skyscanner,8,2021-01-23,2021-07-25,2021-09-19
629,9105,Travellodge,9,2021-03-31,2021-07-28,2021-09-16
630,9707,HolidayInn,10,2021-05-20,2021-06-01,2021-09-13
631,1505,Trivago,1,2021-01-26,2021-06-08,2021-09-26
632,3647,Expedia,2,2021-05-27,2021-08-18,2021-09-13
633,9086,Booking.com,3,2021-02-04,2021-08-12,2021-09-12
634,1549,Hotels.com,4,2021-05-27,2021-08-11,2021-09-05
635,9621,Airbnb,5,2021-03-06,2021-07-28,2021-09-29
636,5418,HotelFinder,6,2021-01-06,2021-07-18,2021-09-19
637,11743,Tripadvisor,7,2021-05-02,2021-06-02,2021-09-26
638,11081,Skyscanner,8,2021-02-05,2021-07-05,2021-09-05
639,1758,Travellodge,9,2021-03-20,2021-07-30,2021-09-16
640,7880,HolidayInn,10,2021-05-09,2021-06-11,2021-08-30
641,10857,Trivago,1,2021-03-10,2021-07-05,2021-09-24
642,232,Expedia,2,2021-04-21,2021-06-03,2021-09-29
643,4393,Booking.com,3,2021-03-29,2021-06-09,2021-09-17
644,10617,Hotels.com,4,2021-03-11,2021-07-24,2021-09-13
645,3958,Airbnb,5,2021-05-13,2021-07-02,2021-09-11
646,11033,HotelFinder,6,2021-02-18,2021-08-08,2021-09-10
647,11124,Tripadvisor,7,2021-01-16,2021-07-06,2021-09-27
648,9659,Skyscanner,8,2021-04-15,2021-07-22,2021-09-13
649,9594,Travellodge,9,2021-01-14,2021-08-06,2021-08-30
650,339,HolidayInn,10,2021-03-05,2021-08-09,2021-09-22
651,4303,Trivago,1,2021-04-22,2021-07-13,2021-09-05
652,1153,Expedia,2,2021-03-01,2021-07-06,2021-09-01
653,2778,Booking.com,3,2021-05-27,2021-08-22,2021-08-31
654,2946,Hotels.com,4,2021-01-21,2021-07-18,2021-09-09
655,11895,Airbnb,5,2021-04-16,2021-07-31,2021-09-24
656,5650,HotelFinder,6,2021-04-01,2021-07-11,2021-09-23
657,6303,Tripadvisor,7,2021-05-02,2021-06-07,2021-08-31
658,2132,Skyscanner,8,2021-01-02,2021-07-03,2021-09-21
659,1162,Travellodge,9,2021-05-20,2021-08-12,2021-09-11
660,7786,HolidayInn,10,2021-04-29,2021-06-01,2021-09-19
661,44,Trivago,1,2021-01-02,2021-07-01,2021-09-26
662,4725,Expedia,2,2021-01-17,2021-08-02,2021-09-07
663,9086,Booking.com,3,2021-03-10,2021-07-01,2021-08-25
664,8402,Hotels.com,4,2021-03-23,2021-07-03,2021-08-25
665,1810,Airbnb,5,2021-02-17,2021-07-08,2021-09-29
666,220,HotelFinder,6,2021-02-09,2021-07-11,2021-09-28
667,9928,Tripadvisor,7,2021-05-18,2021-08-16,2021-09-22
668,867,Skyscanner,8,2021-05-10,2021-08-02,2021-09-22
669,9799,Travellodge,9,2021-03-05,2021-07-22,2021-09-16
670,2980,HolidayInn,10,2021-05-20,2021-07-06,2021-09-07
671,8134,Trivago,1,2021-03-09,2021-08-14,2021-09-05
672,9090,Expedia,2,2021-04-28,2021-08-22,2021-09-26
673,3908,Booking.com,3,2021-02-04,2021-06-26,2021-09-05
674,5764,Hotels.com,4,2021-05-18,2021-07-03,2021-09-28
675,7681,Airbnb,5,2021-03-06,2021-07-12,2021-09-01
676,8911,HotelFinder,6,2021-02-22,2021-06-30,2021-08-29
677,2325,Tripadvisor,7,2021-04-05,2021-08-16,2021-09-07
678,8594,Skyscanner,8,2021-01-13,2021-08-13,2021-09-06
679,8746,Travellodge,9,2021-03-16,2021-07-24,2021-09-08
680,7758,HolidayInn,10,2021-04-04,2021-06-14,2021-08-31
681,3657,Trivago,1,2021-04-02,2021-06-21,2021-09-07
682,10590,Expedia,2,2021-05-10,2021-07-31,2021-09-29
683,1036,Booking.com,3,2021-04-30,2021-08-09,2021-09-06
684,2368,Hotels.com,4,2021-05-16,2021-08-05,2021-09-27
685,5624,Airbnb,5,2021-04-07,2021-06-28,2021-08-30
686,1390,HotelFinder,6,2021-01-28,2021-08-12,2021-09-04
687,11264,Tripadvisor,7,2021-04-30,2021-07-05,2021-09-02
688,1972,Skyscanner,8,2021-02-26,2021-06-06,2021-09-25
689,2891,Travellodge,9,2021-05-01,2021-07-02,2021-09-14
690,1520,HolidayInn,10,2021-03-07,2021-08-09,2021-08-30
691,9132,Trivago,1,2021-02-25,2021-06-10,2021-08-28
692,1941,Expedia,2,2021-04-12,2021-06-28,2021-09-03
693,7774,Booking.com,3,2021-01-01,2021-06-07,2021-09-03
694,7711,Hotels.com,4,2021-01-23,2021-06-19,2021-09-02
695,468,Airbnb,5,2021-04-26,2021-07-17,2021-09-10
696,7589,HotelFinder,6,2021-04-14,2021-08-21,2021-09-12
697,11253,Tripadvisor,7,2021-04-29,2021-08-17,2021-09-21
698,4946,Skyscanner,8,2021-05-25,2021-06-12,2021-09-08
699,2292,Travellodge,9,2021-03-26,2021-08-06,2021-09-22
700,1928,HolidayInn,10,2021-02-18,2021-06-21,2021-08-27
701,1268,Trivago,1,2021-05-07,2021-06-08,2021-09-17
702,1818,Expedia,2,2021-01-02,2021-06-16,2021-09-16
703,177,Booking.com,3,2021-04-10,2021-06-20,2021-08-26
704,7922,Hotels.com,4,2021-02-24,2021-06-30,2021-09-01
705,1864,Airbnb,5,2021-04-08,2021-08-02,2021-09-04
706,9626,HotelFinder,6,2021-05-20,2021-07-11,2021-08-31
707,1195,Tripadvisor,7,2021-01-16,2021-06-06,2021-09-27
708,11410,Skyscanner,8,2021-03-16,2021-07-25,2021-09-23
709,10426,Travellodge,9,2021-04-07,2021-08-15,2021-09-25
710,7918,HolidayInn,10,2021-04-17,2021-07-11,2021-09-17
711,1607,Trivago,1,2021-04-07,2021-07-08,2021-09-18
712,1541,Expedia,2,2021-01-22,2021-07-16,2021-09-23
713,1454,Booking.com,3,2021-01-06,2021-06-14,2021-09-20
714,2933,Hotels.com,4,2021-01-08,2021-06-15,2021-08-25
715,1966,Airbnb,5,2021-02-18,2021-08-21,2021-09-15
716,950,HotelFinder,6,2021-02-19,2021-07-15,2021-08-30
717,1361,Tripadvisor,7,2021-04-03,2021-06-14,2021-09-22
718,606,Skyscanner,8,2021-02-10,2021-07-19,2021-09-25
719,6376,Travellodge,9,2021-01-29,2021-07-30,2021-09-16
720,8883,HolidayInn,10,2021-02-09,2021-07-11,2021-08-27
721,3235,Trivago,1,2021-01-28,2021-08-22,2021-09-10
722,737,Expedia,2,2021-01-20,2021-07-11,2021-09-10
723,5214,Booking.com,3,2021-02-06,2021-07-20,2021-08-31
724,3853,Hotels.com,4,2021-01-11,2021-07-09,2021-09-28
725,3235,Airbnb,5,2021-01-11,2021-06-05,2021-08-26
726,1072,HotelFinder,6,2021-01-19,2021-08-17,2021-09-13
727,3034,Tripadvisor,7,2021-01-31,2021-08-18,2021-09-13
728,3097,Skyscanner,8,2021-03-28,2021-08-05,2021-08-25
729,9953,Travellodge,9,2021-05-02,2021-08-12,2021-09-14
730,5090,HolidayInn,10,2021-01-13,2021-06-23,2021-09-12
731,5757,Trivago,1,2021-04-22,2021-08-07,2021-09-19
732,10794,Expedia,2,2021-05-25,2021-08-11,2021-09-01
733,4201,Booking.com,3,2021-05-01,2021-08-01,2021-09-18
734,4540,Hotels.com,4,2021-03-24,2021-06-29,2021-09-20
735,1568,Airbnb,5,2021-01-11,2021-07-25,2021-09-18
736,11719,HotelFinder,6,2021-02-06,2021-08-22,2021-09-13
737,11477,Tripadvisor,7,2021-04-15,2021-06-29,2021-09-05
738,10889,Skyscanner,8,2021-04-20,2021-06-28,2021-09-26
739,6403,Travellodge,9,2021-02-12,2021-06-01,2021-09-29
740,3030,HolidayInn,10,2021-04-28,2021-07-01,2021-08-26
741,9805,Trivago,1,2021-05-11,2021-06-30,2021-09-19
742,4287,Expedia,2,2021-02-18,2021-06-09,2021-09-03
743,5096,Booking.com,3,2021-02-18,2021-08-07,2021-09-14
744,3300,Hotels.com,4,2021-03-04,2021-07-11,2021-09-28
745,11472,Airbnb,5,2021-04-15,2021-08-08,2021-09-24
746,1547,HotelFinder,6,2021-04-01,2021-07-29,2021-09-02
747,10687,Tripadvisor,7,2021-01-16,2021-06-18,2021-09-18
748,2406,Skyscanner,8,2021-01-23,2021-08-17,2021-09-25
749,9930,Travellodge,9,2021-04-26,2021-08-14,2021-09-11
750,10184,HolidayInn,10,2021-04-19,2021-07-24,2021-09-10
751,10112,Trivago,1,2021-01-07,2021-08-02,2021-09-26
752,11907,Expedia,2,2021-01-21,2021-08-10,2021-08-30
753,7689,Booking.com,3,2021-02-13,2021-06-20,2021-09-17
754,9987,Hotels.com,4,2021-03-24,2021-08-17,2021-09-22
755,3903,Airbnb,5,2021-02-17,2021-07-29,2021-09-01
756,9134,HotelFinder,6,2021-05-15,2021-07-26,2021-09-21
757,9987,Tripadvisor,7,2021-05-25,2021-08-16,2021-08-26
758,8131,Skyscanner,8,2021-04-12,2021-08-18,2021-09-02
759,6053,Travellodge,9,2021-03-18,2021-06-15,2021-09-20
760,2946,HolidayInn,10,2021-03-08,2021-08-06,2021-09-10
761,6529,Trivago,1,2021-03-18,2021-07-22,2021-09-26
762,9481,Expedia,2,2021-03-28,2021-08-15,2021-08-26
763,4145,Booking.com,3,2021-03-07,2021-06-28,2021-08-29
764,10508,Hotels.com,4,2021-01-10,2021-07-01,2021-09-27
765,2919,Airbnb,5,2021-05-21,2021-07-20,2021-09-24
766,5726,HotelFinder,6,2021-04-05,2021-07-03,2021-09-26
767,10535,Tripadvisor,7,2021-04-05,2021-07-31,2021-09-14
768,6435,Skyscanner,8,2021-04-17,2021-08-12,2021-09-28
769,6002,Travellodge,9,2021-05-27,2021-06-30,2021-09-03
770,833,HolidayInn,10,2021-02-21,2021-07-16,2021-09-05
771,8257,Trivago,1,2021-03-15,2021-08-10,2021-08-26
772,7899,Expedia,2,2021-03-14,2021-07-03,2021-08-29
773,8038,Booking.com,3,2021-02-10,2021-07-12,2021-09-28
774,4333,Hotels.com,4,2021-04-01,2021-06-19,2021-09-02
775,8219,Airbnb,5,2021-05-17,2021-07-26,2021-08-28
776,4619,HotelFinder,6,2021-03-16,2021-06-15,2021-09-02
777,10378,Tripadvisor,7,2021-04-07,2021-08-09,2021-09-23
778,9571,Skyscanner,8,2021-03-06,2021-07-04,2021-08-29
779,6052,Travellodge,9,2021-05-09,2021-06-02,2021-08-25
780,6676,HolidayInn,10,2021-02-22,2021-08-12,2021-09-17
781,7391,Trivago,1,2021-03-12,2021-08-05,2021-09-18
782,3666,Expedia,2,2021-04-05,2021-07-09,2021-09-05
783,1087,Booking.com,3,2021-04-01,2021-07-10,2021-09-25
784,7923,Hotels.com,4,2021-05-12,2021-06-30,2021-09-09
785,7613,Airbnb,5,2021-04-22,2021-08-10,2021-09-10
786,10048,HotelFinder,6,2021-05-21,2021-07-22,2021-09-13
787,460,Tripadvisor,7,2021-04-06,2021-07-20,2021-09-21
788,6419,Skyscanner,8,2021-01-24,2021-07-01,2021-08-28
789,2341,Travellodge,9,2021-03-21,2021-06-04,2021-08-31
790,9707,HolidayInn,10,2021-04-15,2021-07-22,2021-09-01
791,2086,Trivago,1,2021-04-14,2021-06-11,2021-09-27
792,7583,Expedia,2,2021-03-04,2021-06-14,2021-09-08
793,1529,Booking.com,3,2021-02-24,2021-06-02,2021-08-30
794,4937,Hotels.com,4,2021-02-26,2021-07-31,2021-09-10
795,3998,Airbnb,5,2021-04-01,2021-06-04,2021-09-23
796,1609,HotelFinder,6,2021-02-25,2021-07-14,2021-09-15
797,4738,Tripadvisor,7,2021-01-30,2021-06-28,2021-08-30
798,5461,Skyscanner,8,2021-02-11,2021-07-03,2021-08-26
799,9037,Travellodge,9,2021-02-22,2021-08-12,2021-09-01
800,4009,HolidayInn,10,2021-05-20,2021-08-03,2021-09-28
801,5899,Trivago,1,2021-04-03,2021-08-21,2021-09-28
802,11608,Expedia,2,2021-04-13,2021-06-09,2021-09-24
803,7323,Booking.com,3,2021-01-11,2021-06-15,2021-09-22
804,5824,Hotels.com,4,2021-02-04,2021-06-28,2021-09-28
805,4872,Airbnb,5,2021-02-25,2021-06-29,2021-09-18
806,10965,HotelFinder,6,2021-05-26,2021-07-09,2021-08-25
807,5348,Tripadvisor,7,2021-02-07,2021-08-08,2021-09-18
808,10057,Skyscanner,8,2021-02-08,2021-06-24,2021-08-25
809,1114,Travellodge,9,2021-02-02,2021-06-17,2021-09-13
810,9661,HolidayInn,10,2021-03-08,2021-06-21,2021-09-19
811,10405,Trivago,1,2021-05-20,2021-07-09,2021-09-23
812,2822,Expedia,2,2021-01-29,2021-07-10,2021-09-02
813,964,Booking.com,3,2021-02-27,2021-07-12,2021-09-27
814,4312,Hotels.com,4,2021-01-23,2021-06-11,2021-09-13
815,7049,Airbnb,5,2021-04-18,2021-06-17,2021-09-20
816,7920,HotelFinder,6,2021-01-25,2021-08-02,2021-09-16
817,7176,Tripadvisor,7,2021-02-02,2021-07-21,2021-09-27
818,7449,Skyscanner,8,2021-04-06,2021-07-04,2021-09-24
819,3504,Travellodge,9,2021-01-28,2021-07-21,2021-09-04
820,8471,HolidayInn,10,2021-02-19,2021-07-13,2021-09-29
821,7289,Trivago,1,2021-01-24,2021-06-01,2021-08-26
822,3313,Expedia,2,2021-01-16,2021-07-17,2021-09-09
823,345,Booking.com,3,2021-01-14,2021-06-28,2021-09-24
824,10955,Hotels.com,4,2021-01-29,2021-07-26,2021-09-23
825,6386,Airbnb,5,2021-05-11,2021-08-20,2021-09-23
826,922,HotelFinder,6,2021-05-17,2021-07-18,2021-09-01
827,3205,Tripadvisor,7,2021-02-15,2021-08-15,2021-09-23
828,6120,Skyscanner,8,2021-03-12,2021-06-17,2021-09-16
829,1376,Travellodge,9,2021-04-04,2021-06-21,2021-08-27
830,4348,HolidayInn,10,2021-05-02,2021-08-12,2021-09-04
831,3715,Trivago,1,2021-02-08,2021-07-07,2021-08-25
832,8827,Expedia,2,2021-05-21,2021-06-03,2021-09-24
833,3129,Booking.com,3,2021-05-13,2021-07-29,2021-09-16
834,7667,Hotels.com,4,2021-03-10,2021-06-18,2021-09-27
835,11756,Airbnb,5,2021-01-23,2021-08-04,2021-09-17
836,10161,HotelFinder,6,2021-03-07,2021-08-12,2021-09-11
837,6824,Tripadvisor,7,2021-02-18,2021-08-13,2021-09-19
838,9479,Skyscanner,8,2021-05-16,2021-08-09,2021-08-28
839,9250,Travellodge,9,2021-05-04,2021-06-04,2021-08-29
840,9042,HolidayInn,10,2021-01-12,2021-08-03,2021-09-11
841,7961,Trivago,1,2021-05-21,2021-08-13,2021-09-03
842,1857,Expedia,2,2021-03-29,2021-08-08,2021-09-24
843,2777,Booking.com,3,2021-05-17,2021-07-14,2021-08-25
844,6240,Hotels.com,4,2021-04-05,2021-08-17,2021-09-25
845,10998,Airbnb,5,2021-04-08,2021-06-25,2021-09-04
846,776,HotelFinder,6,2021-02-10,2021-07-17,2021-09-18
847,5781,Tripadvisor,7,2021-03-05,2021-07-25,2021-09-24
848,7925,Skyscanner,8,2021-02-18,2021-06-21,2021-08-26
849,498,Travellodge,9,2021-04-22,2021-06-17,2021-09-20
850,3475,HolidayInn,10,2021-02-02,2021-07-01,2021-08-31
851,1347,Trivago,1,2021-01-08,2021-08-07,2021-08-31
852,284,Expedia,2,2021-01-20,2021-08-17,2021-09-18
853,3461,Booking.com,3,2021-03-19,2021-06-07,2021-09-03
854,559,Hotels.com,4,2021-04-14,2021-07-12,2021-09-01
855,4724,Airbnb,5,2021-01-02,2021-06-22,2021-09-07
856,682,HotelFinder,6,2021-02-22,2021-07-28,2021-09-16
857,10653,Tripadvisor,7,2021-04-20,2021-07-07,2021-09-10
858,4848,Skyscanner,8,2021-02-28,2021-08-17,2021-09-08
859,2922,Travellodge,9,2021-05-24,2021-06-22,2021-09-18
860,4798,HolidayInn,10,2021-02-18,2021-07-02,2021-09-28
861,409,Trivago,1,2021-04-05,2021-06-04,2021-09-16
862,4675,Expedia,2,2021-02-25,2021-06-19,2021-09-29
863,8646,Booking.com,3,2021-01-08,2021-08-15,2021-09-12
864,905,Hotels.com,4,2021-05-11,2021-07-07,2021-08-28
865,4855,Airbnb,5,2021-05-21,2021-08-06,2021-09-20
866,5373,HotelFinder,6,2021-01-29,2021-08-22,2021-09-16
867,10543,Tripadvisor,7,2021-02-28,2021-07-10,2021-09-07
868,7267,Skyscanner,8,2021-04-19,2021-08-16,2021-09-15
869,9181,Travellodge,9,2021-01-24,2021-06-15,2021-09-19
870,9584,HolidayInn,10,2021-01-31,2021-08-21,2021-09-05
871,11416,Trivago,1,2021-04-09,2021-08-12,2021-09-29
872,4526,Expedia,2,2021-02-08,2021-06-18,2021-09-04
873,11256,Booking.com,3,2021-03-12,2021-08-03,2021-09-07
874,669,Hotels.com,4,2021-05-07,2021-08-05,2021-09-25
875,4735,Airbnb,5,2021-02-02,2021-08-07,2021-09-15
876,6696,HotelFinder,6,2021-02-09,2021-06-23,2021-09-05
877,4522,Tripadvisor,7,2021-01-27,2021-06-23,2021-09-14
878,6624,Skyscanner,8,2021-01-31,2021-06-14,2021-09-25
879,224,Travellodge,9,2021-04-11,2021-06-28,2021-09-06
880,88,HolidayInn,10,2021-03-26,2021-06-26,2021-08-27
881,2540,Trivago,1,2021-04-15,2021-06-11,2021-09-03
882,2366,Expedia,2,2021-01-13,2021-06-20,2021-09-16
883,1364,Booking.com,3,2021-03-31,2021-07-02,2021-08-29
884,241,Hotels.com,4,2021-02-14,2021-07-31,2021-08-29
885,3854,Airbnb,5,2021-04-02,2021-07-18,2021-09-08
886,781,HotelFinder,6,2021-04-09,2021-07-02,2021-09-22
887,4600,Tripadvisor,7,2021-02-16,2021-07-21,2021-08-25
888,2880,Skyscanner,8,2021-04-13,2021-08-07,2021-09-18
889,9713,Travellodge,9,2021-02-19,2021-06-08,2021-08-30
890,6115,HolidayInn,10,2021-05-04,2021-07-15,2021-09-17
891,11325,Trivago,1,2021-03-10,2021-07-05,2021-09-23
892,11441,Expedia,2,2021-02-28,2021-06-16,2021-08-26
893,10921,Booking.com,3,2021-05-15,2021-06-07,2021-09-09
894,5146,Hotels.com,4,2021-05-11,2021-08-23,2021-09-10
895,788,Airbnb,5,2021-04-11,2021-07-13,2021-09-06
896,2918,HotelFinder,6,2021-01-26,2021-08-08,2021-08-27
897,5810,Tripadvisor,7,2021-03-24,2021-07-24,2021-09-18
898,4124,Skyscanner,8,2021-03-08,2021-06-13,2021-08-26
899,11098,Travellodge,9,2021-04-28,2021-06-18,2021-09-10
900,6390,HolidayInn,10,2021-05-22,2021-07-18,2021-09-10
901,614,Trivago,1,2021-05-13,2021-07-13,2021-09-13
902,8252,Expedia,2,2021-05-10,2021-06-29,2021-08-28
903,5542,Booking.com,3,2021-05-07,2021-06-25,2021-09-08
904,3304,Hotels.com,4,2021-05-10,2021-07-06,2021-09-04
905,11010,Airbnb,5,2021-02-27,2021-07-29,2021-09-29
906,5760,HotelFinder,6,2021-01-30,2021-07-07,2021-09-03
907,9990,Tripadvisor,7,2021-02-23,2021-06-05,2021-09-03
908,11456,Skyscanner,8,2021-03-01,2021-08-19,2021-09-24
909,11599,Travellodge,9,2021-01-26,2021-06-11,2021-09-29
910,630,HolidayInn,10,2021-01-16,2021-07-28,2021-08-25
911,8996,Trivago,1,2021-02-27,2021-06-05,2021-09-16
912,3035,Expedia,2,2021-04-20,2021-08-15,2021-09-02
913,11700,Booking.com,3,2021-03-02,2021-07-09,2021-09-02
914,378,Hotels.com,4,2021-05-09,2021-07-05,2021-09-09
915,4509,Airbnb,5,2021-03-03,2021-06-20,2021-09-28
916,8607,HotelFinder,6,2021-04-04,2021-06-23,2021-09-03
917,10699,Tripadvisor,7,2021-02-26,2021-07-13,2021-09-15
918,9757,Skyscanner,8,2021-01-02,2021-06-16,2021-09-25
919,1163,Travellodge,9,2021-04-10,2021-06-29,2021-09-12
920,9303,HolidayInn,10,2021-05-12,2021-06-04,2021-09-08
921,7455,Trivago,1,2021-03-18,2021-08-20,2021-08-25
922,5789,Expedia,2,2021-04-21,2021-06-03,2021-09-02
923,626,Booking.com,3,2021-05-27,2021-07-20,2021-09-07
924,10363,Hotels.com,4,2021-01-14,2021-06-30,2021-09-20
925,3001,Airbnb,5,2021-04-27,2021-08-14,2021-09-23
926,3252,HotelFinder,6,2021-03-03,2021-06-24,2021-08-26
927,2666,Tripadvisor,7,2021-01-27,2021-07-13,2021-09-10
928,2248,Skyscanner,8,2021-05-18,2021-06-29,2021-08-30
929,10786,Travellodge,9,2021-01-02,2021-07-14,2021-09-26
930,7919,HolidayInn,10,2021-01-20,2021-06-14,2021-09-21
931,3538,Trivago,1,2021-04-12,2021-07-01,2021-09-13
932,7097,Expedia,2,2021-01-12,2021-06-09,2021-09-26
933,8166,Booking.com,3,2021-01-17,2021-06-08,2021-09-23
934,6773,Hotels.com,4,2021-05-18,2021-08-01,2021-09-17
935,9881,Airbnb,5,2021-03-20,2021-06-02,2021-09-03
936,4659,HotelFinder,6,2021-04-30,2021-07-03,2021-08-29
937,1754,Tripadvisor,7,2021-05-21,2021-06-04,2021-09-13
938,6336,Skyscanner,8,2021-03-23,2021-06-19,2021-09-24
939,226,Travellodge,9,2021-01-16,2021-07-03,2021-08-27
940,11505,HolidayInn,10,2021-02-07,2021-07-02,2021-09-24
941,2271,Trivago,1,2021-03-02,2021-07-24,2021-09-12
942,4353,Expedia,2,2021-02-28,2021-07-15,2021-09-22
943,1270,Booking.com,3,2021-05-20,2021-06-22,2021-09-07
944,5840,Hotels.com,4,2021-05-19,2021-07-18,2021-08-27
945,11025,Airbnb,5,2021-04-28,2021-07-25,2021-09-16
946,1449,HotelFinder,6,2021-03-26,2021-08-23,2021-08-29
947,7892,Tripadvisor,7,2021-04-04,2021-06-25,2021-09-07
948,4765,Skyscanner,8,2021-01-12,2021-08-22,2021-08-26
949,7241,Travellodge,9,2021-01-20,2021-08-05,2021-09-25
950,9305,HolidayInn,10,2021-02-06,2021-08-04,2021-09-26
951,8933,Trivago,1,2021-04-03,2021-06-05,2021-08-26
952,11257,Expedia,2,2021-03-03,2021-08-19,2021-09-15
953,2237,Booking.com,3,2021-04-17,2021-08-06,2021-09-09
954,8871,Hotels.com,4,2021-02-09,2021-07-13,2021-09-19
955,8679,Airbnb,5,2021-05-23,2021-06-07,2021-09-12
956,8297,HotelFinder,6,2021-05-05,2021-06-20,2021-09-18
957,7177,Tripadvisor,7,2021-01-02,2021-06-01,2021-09-05
958,9995,Skyscanner,8,2021-05-11,2021-07-04,2021-08-28
959,8071,Travellodge,9,2021-02-11,2021-07-29,2021-09-08
960,8761,HolidayInn,10,2021-04-22,2021-06-18,2021-09-05
961,5059,Trivago,1,2021-05-22,2021-08-01,2021-09-07
962,6444,Expedia,2,2021-02-16,2021-08-08,2021-08-26
963,9427,Booking.com,3,2021-04-20,2021-06-28,2021-08-30
964,2546,Hotels.com,4,2021-05-27,2021-06-01,2021-09-15
965,6239,Airbnb,5,2021-05-10,2021-07-04,2021-08-30
966,4877,HotelFinder,6,2021-03-31,2021-07-07,2021-08-31
967,2587,Tripadvisor,7,2021-02-07,2021-08-13,2021-09-12
968,1645,Skyscanner,8,2021-05-19,2021-07-06,2021-09-07
969,5855,Travellodge,9,2021-04-06,2021-07-17,2021-09-08
970,540,HolidayInn,10,2021-01-30,2021-06-14,2021-09-07
971,8396,Trivago,1,2021-02-11,2021-07-16,2021-08-28
972,1396,Expedia,2,2021-05-26,2021-07-19,2021-09-17
973,1211,Booking.com,3,2021-02-16,2021-07-02,2021-09-21
974,10266,Hotels.com,4,2021-05-11,2021-06-21,2021-08-28
975,8054,Airbnb,5,2021-05-06,2021-07-09,2021-09-23
976,852,HotelFinder,6,2021-04-13,2021-06-23,2021-09-19
977,5020,Tripadvisor,7,2021-04-17,2021-08-10,2021-09-08
978,6918,Skyscanner,8,2021-03-31,2021-07-11,2021-09-26
979,19,Travellodge,9,2021-04-15,2021-08-19,2021-09-10
980,653,HolidayInn,10,2021-03-13,2021-07-28,2021-09-17
981,6227,Trivago,1,2021-05-10,2021-06-21,2021-09-12
982,11809,Expedia,2,2021-04-20,2021-08-07,2021-09-12
983,10843,Booking.com,3,2021-01-01,2021-06-01,2021-09-24
984,6068,Hotels.com,4,2021-02-04,2021-07-05,2021-09-26
985,8102,Airbnb,5,2021-04-27,2021-08-07,2021-08-30
986,10194,HotelFinder,6,2021-04-19,2021-08-12,2021-08-28
987,4573,Tripadvisor,7,2021-04-21,2021-06-25,2021-09-01
988,10241,Skyscanner,8,2021-02-14,2021-07-14,2021-09-12
989,1536,Travellodge,9,2021-03-14,2021-07-12,2021-08-26
990,11428,HolidayInn,10,2021-03-01,2021-06-26,2021-08-28
991,1514,Trivago,1,2021-02-16,2021-07-21,2021-09-05
992,5329,Expedia,2,2021-03-21,2021-07-22,2021-08-28
993,8862,Booking.com,3,2021-03-28,2021-08-10,2021-08-30
994,8411,Hotels.com,4,2021-01-09,2021-07-17,2021-09-23
995,5200,Airbnb,5,2021-04-19,2021-08-08,2021-09-13
996,7685,HotelFinder,6,2021-04-02,2021-07-18,2021-09-23
997,10492,Tripadvisor,7,2021-05-08,2021-06-28,2021-08-25
998,11482,Skyscanner,8,2021-04-15,2021-06-16,2021-08-31
999,4014,Travellodge,9,2021-02-14,2021-06-25,2021-09-28
1000,2939,HolidayInn,10,2021-03-08,2021-07-03,2021-09-23
1001,3603,Trivago,1,2021-01-18,2021-06-11,2021-09-10
1002,1124,Expedia,2,2021-01-22,2021-08-07,2021-09-01
1003,4692,Booking.com,3,2021-04-23,2021-06-12,2021-09-03
1004,5644,Hotels.com,4,2021-01-16,2021-06-24,2021-09-16
1005,3140,Airbnb,5,2021-02-01,2021-08-19,2021-09-24
1006,7507,HotelFinder,6,2021-04-11,2021-07-19,2021-09-22
1007,4414,Tripadvisor,7,2021-02-21,2021-06-05,2021-09-03
1008,10438,Skyscanner,8,2021-05-10,2021-06-18,2021-09-07
1009,1911,Travellodge,9,2021-01-10,2021-07-27,2021-09-28
1010,9506,HolidayInn,10,2021-01-20,2021-06-30,2021-09-17
1011,8344,Trivago,1,2021-02-01,2021-07-11,2021-09-13
1012,2334,Expedia,2,2021-04-19,2021-06-28,2021-09-28
1013,4785,Booking.com,3,2021-05-14,2021-08-20,2021-09-28
1014,2156,Hotels.com,4,2021-01-26,2021-08-15,2021-09-11
1015,10790,Airbnb,5,2021-03-14,2021-06-24,2021-09-29
1016,10785,HotelFinder,6,2021-02-07,2021-06-13,2021-09-22
1017,5018,Tripadvisor,7,2021-01-31,2021-08-01,2021-08-30
1018,4650,Skyscanner,8,2021-03-29,2021-07-02,2021-08-29
1019,5967,Travellodge,9,2021-04-28,2021-07-03,2021-09-07
1020,9491,HolidayInn,10,2021-02-27,2021-07-08,2021-08-31
1021,10781,Trivago,1,2021-01-16,2021-06-22,2021-08-30
1022,6699,Expedia,2,2021-05-24,2021-06-19,2021-09-02
1023,10579,Booking.com,3,2021-02-23,2021-06-13,2021-09-23
1024,1729,Hotels.com,4,2021-03-24,2021-06-04,2021-08-30
1025,10625,Airbnb,5,2021-02-10,2021-08-08,2021-08-28
1026,4956,HotelFinder,6,2021-03-11,2021-07-03,2021-08-30
1027,7293,Tripadvisor,7,2021-04-11,2021-07-16,2021-09-28
1028,3442,Skyscanner,8,2021-02-06,2021-07-14,2021-09-11
1029,11027,Travellodge,9,2021-04-12,2021-07-07,2021-09-04
1030,2870,HolidayInn,10,2021-04-04,2021-07-19,2021-09-07
1031,1319,Trivago,1,2021-02-11,2021-07-16,2021-09-28
1032,6936,Expedia,2,2021-05-27,2021-06-26,2021-09-03
1033,4885,Booking.com,3,2021-02-02,2021-07-01,2021-09-29
1034,3431,Hotels.com,4,2021-01-14,2021-07-25,2021-09-25
1035,3985,Airbnb,5,2021-04-03,2021-06-02,2021-09-07
1036,3686,HotelFinder,6,2021-01-05,2021-06-20,2021-08-25
1037,8286,Tripadvisor,7,2021-05-02,2021-07-27,2021-09-26
1038,8143,Skyscanner,8,2021-03-29,2021-07-03,2021-09-18
1039,809,Travellodge,9,2021-05-15,2021-08-23,2021-09-27
1040,9646,HolidayInn,10,2021-01-15,2021-07-27,2021-09-24
1041,3384,Trivago,1,2021-03-21,2021-07-04,2021-08-26
1042,195,Expedia,2,2021-02-02,2021-07-28,2021-08-25
1043,11905,Booking.com,3,2021-03-12,2021-08-14,2021-08-30
1044,8780,Hotels.com,4,2021-04-09,2021-08-15,2021-09-16
1045,5026,Airbnb,5,2021-03-31,2021-06-04,2021-09-06
1046,6572,HotelFinder,6,2021-02-26,2021-07-31,2021-09-27
1047,11742,Tripadvisor,7,2021-04-03,2021-07-21,2021-09-29
1048,1878,Skyscanner,8,2021-03-24,2021-07-31,2021-08-28
1049,2977,Travellodge,9,2021-01-04,2021-07-07,2021-08-29
1050,6284,HolidayInn,10,2021-03-04,2021-06-21,2021-09-15
1051,5949,Trivago,1,2021-01-30,2021-06-16,2021-08-27
1052,7726,Expedia,2,2021-03-18,2021-08-15,2021-09-26
1053,5058,Booking.com,3,2021-01-08,2021-08-20,2021-09-12
1054,8903,Hotels.com,4,2021-05-10,2021-06-12,2021-08-31
1055,1260,Airbnb,5,2021-01-01,2021-07-28,2021-09-19
1056,4705,HotelFinder,6,2021-05-04,2021-06-08,2021-09-06
1057,6659,Tripadvisor,7,2021-01-17,2021-06-04,2021-09-17
1058,9801,Skyscanner,8,2021-04-12,2021-07-30,2021-09-20
1059,8972,Travellodge,9,2021-01-13,2021-08-03,2021-08-30
1060,2455,HolidayInn,10,2021-05-20,2021-07-12,2021-09-01
1061,1970,Trivago,1,2021-02-24,2021-08-10,2021-09-09
1062,7732,Expedia,2,2021-01-16,2021-07-24,2021-09-05
1063,2430,Booking.com,3,2021-03-02,2021-06-18,2021-09-25
1064,5287,Hotels.com,4,2021-01-05,2021-08-22,2021-09-26
1065,10454,Airbnb,5,2021-03-04,2021-08-15,2021-09-18
1066,330,HotelFinder,6,2021-03-11,2021-07-15,2021-08-28
1067,8235,Tripadvisor,7,2021-05-11,2021-06-13,2021-08-25
1068,4669,Skyscanner,8,2021-05-19,2021-07-12,2021-08-28
1069,2682,Travellodge,9,2021-03-05,2021-08-14,2021-08-28
1070,2324,HolidayInn,10,2021-03-19,2021-08-23,2021-08-29
1071,10243,Trivago,1,2021-03-14,2021-08-22,2021-09-24
1072,4890,Expedia,2,2021-01-25,2021-06-05,2021-09-20
1073,11945,Booking.com,3,2021-02-14,2021-06-16,2021-09-27
1074,6606,Hotels.com,4,2021-05-10,2021-08-16,2021-09-04
1075,2130,Airbnb,5,2021-05-16,2021-08-03,2021-08-26
1076,7482,HotelFinder,6,2021-05-04,2021-07-22,2021-09-14
1077,720,Tripadvisor,7,2021-04-05,2021-08-04,2021-09-19
1078,9366,Skyscanner,8,2021-02-25,2021-06-05,2021-09-20
1079,4923,Travellodge,9,2021-01-08,2021-06-08,2021-09-14
1080,273,HolidayInn,10,2021-01-13,2021-07-06,2021-08-29
1081,2822,Trivago,1,2021-04-27,2021-06-15,2021-09-04
1082,3353,Expedia,2,2021-03-05,2021-08-15,2021-09-15
1083,9627,Booking.com,3,2021-05-07,2021-06-18,2021-09-08
1084,1667,Hotels.com,4,2021-02-09,2021-08-06,2021-09-03
1085,10434,Airbnb,5,2021-05-19,2021-07-11,2021-09-10
1086,3964,HotelFinder,6,2021-03-11,2021-06-09,2021-08-27
1087,9535,Tripadvisor,7,2021-02-08,2021-07-15,2021-09-03
1088,6091,Skyscanner,8,2021-04-02,2021-06-26,2021-09-26
1089,11034,Travellodge,9,2021-03-05,2021-08-04,2021-09-26
1090,626,HolidayInn,10,2021-04-09,2021-06-15,2021-08-26
1091,378,Trivago,1,2021-04-24,2021-06-13,2021-08-29
1092,2906,Expedia,2,2021-02-09,2021-07-19,2021-09-27
1093,3195,Booking.com,3,2021-04-12,2021-08-12,2021-09-08
1094,8248,Hotels.com,4,2021-05-24,2021-06-18,2021-09-12
1095,1821,Airbnb,5,2021-01-25,2021-07-13,2021-09-27
1096,5360,HotelFinder,6,2021-03-12,2021-07-06,2021-09-18
1097,6734,Tripadvisor,7,2021-04-13,2021-06-24,2021-08-27
1098,2959,Skyscanner,8,2021-01-06,2021-07-03,2021-09-16
1099,306,Travellodge,9,2021-01-25,2021-07-21,2021-09-29
1100,7034,HolidayInn,10,2021-03-16,2021-08-08,2021-09-11
1101,1211,Trivago,1,2021-02-21,2021-07-10,2021-09-13
1102,4044,Expedia,2,2021-02-07,2021-06-21,2021-09-18
1103,213,Booking.com,3,2021-03-02,2021-07-09,2021-09-13
1104,4875,Hotels.com,4,2021-04-25,2021-06-19,2021-09-26
1105,11392,Airbnb,5,2021-03-29,2021-08-17,2021-09-27
1106,10019,HotelFinder,6,2021-04-03,2021-08-22,2021-09-03
1107,4236,Tripadvisor,7,2021-01-22,2021-07-22,2021-09-05
1108,11064,Skyscanner,8,2021-02-23,2021-07-01,2021-08-28
1109,10540,Travellodge,9,2021-02-17,2021-07-04,2021-09-08
1110,7908,HolidayInn,10,2021-05-26,2021-07-22,2021-09-03
1111,1324,Trivago,1,2021-01-20,2021-06-10,2021-09-24
1112,8064,Expedia,2,2021-02-19,2021-06-13,2021-09-06
1113,8774,Booking.com,3,2021-02-15,2021-08-19,2021-09-07
1114,5883,Hotels.com,4,2021-05-08,2021-08-22,2021-09-01
1115,8941,Airbnb,5,2021-02-11,2021-07-08,2021-09-03
1116,6074,HotelFinder,6,2021-02-16,2021-07-24,2021-09-10
1117,10511,Tripadvisor,7,2021-03-17,2021-07-22,2021-09-13
1118,11013,Skyscanner,8,2021-01-31,2021-08-16,2021-09-10
1119,1347,Travellodge,9,2021-03-01,2021-08-08,2021-09-09
1120,5309,HolidayInn,10,2021-01-28,2021-07-17,2021-09-10
1121,6357,Trivago,1,2021-01-21,2021-08-23,2021-09-02
1122,5442,Expedia,2,2021-04-06,2021-07-15,2021-09-26
1123,8303,Booking.com,3,2021-04-14,2021-08-16,2021-09-20
1124,8453,Hotels.com,4,2021-03-29,2021-07-06,2021-08-29
1125,6105,Airbnb,5,2021-04-07,2021-08-03,2021-09-02
1126,10070,HotelFinder,6,2021-03-16,2021-07-24,2021-09-15
1127,5504,Tripadvisor,7,2021-05-13,2021-07-31,2021-09-15
1128,7526,Skyscanner,8,2021-01-16,2021-08-20,2021-09-12
1129,8148,Travellodge,9,2021-05-04,2021-06-25,2021-08-31
1130,1886,HolidayInn,10,2021-03-05,2021-07-20,2021-09-25
1131,7026,Trivago,1,2021-03-13,2021-07-04,2021-09-19
1132,5443,Expedia,2,2021-01-25,2021-06-13,2021-08-29
1133,7599,Booking.com,3,2021-05-08,2021-06-09,2021-09-01
1134,7738,Hotels.com,4,2021-03-05,2021-06-18,2021-09-15
1135,2542,Airbnb,5,2021-05-24,2021-07-08,2021-09-23
1136,4450,HotelFinder,6,2021-02-04,2021-07-26,2021-09-28
1137,229,Tripadvisor,7,2021-01-30,2021-06-20,2021-08-30
1138,6762,Skyscanner,8,2021-02-01,2021-08-22,2021-08-28
1139,5428,Travellodge,9,2021-03-02,2021-06-06,2021-09-12
1140,417,HolidayInn,10,2021-02-15,2021-08-14,2021-09-03
1141,7754,Trivago,1,2021-03-25,2021-06-06,2021-09-02
1142,3640,Expedia,2,2021-02-15,2021-06-25,2021-09-29
1143,9236,Booking.com,3,2021-03-11,2021-07-22,2021-08-26
1144,7341,Hotels.com,4,2021-03-19,2021-06-24,2021-09-21
1145,2299,Airbnb,5,2021-04-27,2021-06-07,2021-09-06
1146,10365,HotelFinder,6,2021-03-14,2021-06-25,2021-09-27
1147,10539,Tripadvisor,7,2021-01-20,2021-06-28,2021-09-02
1148,10119,Skyscanner,8,2021-02-26,2021-06-07,2021-08-31
1149,7773,Travellodge,9,2021-03-16,2021-07-19,2021-09-02
1150,1564,HolidayInn,10,2021-04-28,2021-07-24,2021-09-20
1151,6063,Trivago,1,2021-03-06,2021-06-16,2021-08-31
1152,11484,Expedia,2,2021-05-08,2021-07-06,2021-09-21
1153,7117,Booking.com,3,2021-02-21,2021-08-04,2021-09-06
1154,7443,Hotels.com,4,2021-01-31,2021-07-20,2021-09-22
1155,9989,Airbnb,5,2021-05-05,2021-08-02,2021-09-22
1156,9947,HotelFinder,6,2021-04-21,2021-07-11,2021-09-26
1157,4134,Tripadvisor,7,2021-04-21,2021-06-16,2021-09-01
1158,8151,Skyscanner,8,2021-02-17,2021-06-16,2021-09-07
1159,10924,Travellodge,9,2021-03-25,2021-06-04,2021-08-26
1160,4473,HolidayInn,10,2021-01-20,2021-08-01,2021-09-18
1161,246,Trivago,1,2021-04-10,2021-07-20,2021-09-01
1162,4076,Expedia,2,2021-01-16,2021-06-03,2021-09-17
1163,4489,Booking.com,3,2021-01-06,2021-07-28,2021-09-28
1164,7486,Hotels.com,4,2021-03-11,2021-08-05,2021-09-27
1165,9782,Airbnb,5,2021-03-30,2021-06-18,2021-09-08
1166,3412,HotelFinder,6,2021-04-05,2021-06-14,2021-08-27
1167,10591,Tripadvisor,7,2021-04-03,2021-08-13,2021-09-28
1168,10958,Skyscanner,8,2021-01-01,2021-08-14,2021-09-10
1169,9237,Travellodge,9,2021-03-23,2021-06-19,2021-09-16
1170,8859,HolidayInn,10,2021-04-15,2021-07-25,2021-09-07
1171,9702,Trivago,1,2021-04-03,2021-08-05,2021-09-08
1172,11324,Expedia,2,2021-04-01,2021-06-14,2021-09-16
1173,10072,Booking.com,3,2021-04-20,2021-07-05,2021-09-27
1174,1468,Hotels.com,4,2021-03-08,2021-08-10,2021-09-12
1175,8509,Airbnb,5,2021-05-18,2021-07-04,2021-09-08
1176,268,HotelFinder,6,2021-03-27,2021-06-28,2021-09-19
1177,10898,Tripadvisor,7,2021-02-23,2021-06-09,2021-08-29
1178,2916,Skyscanner,8,2021-01-24,2021-06-10,2021-09-20
1179,2132,Travellodge,9,2021-02-05,2021-06-25,2021-08-29
1180,8604,HolidayInn,10,2021-02-05,2021-06-28,2021-08-25
1181,1537,Trivago,1,2021-04-07,2021-07-02,2021-09-27
1182,11930,Expedia,2,2021-04-14,2021-06-06,2021-09-10
1183,7847,Booking.com,3,2021-01-24,2021-06-17,2021-09-15
1184,10216,Hotels.com,4,2021-02-08,2021-08-08,2021-09-27
1185,3603,Airbnb,5,2021-02-06,2021-07-24,2021-09-09
1186,10771,HotelFinder,6,2021-03-06,2021-07-16,2021-09-23
1187,1255,Tripadvisor,7,2021-04-27,2021-06-19,2021-09-07
1188,5147,Skyscanner,8,2021-05-10,2021-07-02,2021-09-12
1189,6903,Travellodge,9,2021-02-19,2021-07-18,2021-09-11
1190,11964,HolidayInn,10,2021-05-03,2021-07-08,2021-09-28
1191,6954,Trivago,1,2021-05-02,2021-06-15,2021-09-25
1192,473,Expedia,2,2021-03-14,2021-07-20,2021-09-03
1193,7214,Booking.com,3,2021-03-03,2021-08-09,2021-09-18
1194,5511,Hotels.com,4,2021-02-01,2021-08-02,2021-09-22
1195,2089,Airbnb,5,2021-01-03,2021-06-10,2021-09-02
1196,3332,HotelFinder,6,2021-05-23,2021-06-13,2021-09-10
1197,5872,Tripadvisor,7,2021-03-07,2021-07-06,2021-09-22
1198,781,Skyscanner,8,2021-05-07,2021-06-11,2021-09-25
1199,5398,Travellodge,9,2021-02-01,2021-06-02,2021-09-06
1200,7807,HolidayInn,10,2021-02-04,2021-06-24,2021-09-09
1201,1065,Trivago,1,2021-02-23,2021-07-17,2021-08-26
1202,9813,Expedia,2,2021-01-06,2021-07-10,2021-09-05
1203,5324,Booking.com,3,2021-04-10,2021-07-05,2021-08-25
1204,9181,Hotels.com,4,2021-01-23,2021-08-02,2021-09-06
1205,10588,Airbnb,5,2021-02-20,2021-07-29,2021-09-29
1206,10768,HotelFinder,6,2021-03-22,2021-06-11,2021-09-29
1207,11955,Tripadvisor,7,2021-04-10,2021-07-16,2021-09-03
1208,7154,Skyscanner,8,2021-03-10,2021-07-19,2021-09-25
1209,9202,Travellodge,9,2021-04-13,2021-08-21,2021-08-28
1210,9662,HolidayInn,10,2021-03-07,2021-07-14,2021-09-28
1211,2323,Trivago,1,2021-05-14,2021-07-31,2021-08-30
1212,11346,Expedia,2,2021-04-19,2021-06-14,2021-09-09
1213,11592,Booking.com,3,2021-02-18,2021-06-22,2021-09-05
1214,9880,Hotels.com,4,2021-01-13,2021-06-12,2021-09-02
1215,1836,Airbnb,5,2021-01-08,2021-07-04,2021-09-06
1216,2797,HotelFinder,6,2021-03-22,2021-06-30,2021-09-01
1217,4223,Tripadvisor,7,2021-05-07,2021-07-02,2021-09-03
1218,6595,Skyscanner,8,2021-03-11,2021-06-10,2021-09-05
1219,7141,Travellodge,9,2021-01-15,2021-07-07,2021-09-28
1220,6728,HolidayInn,10,2021-02-07,2021-06-14,2021-09-08
1221,2096,Trivago,1,2021-03-13,2021-07-16,2021-09-12
1222,3902,Expedia,2,2021-02-07,2021-06-14,2021-08-27
1223,11024,Booking.com,3,2021-02-05,2021-08-16,2021-09-13
1224,10565,Hotels.com,4,2021-03-23,2021-07-28,2021-09-05
1225,1026,Airbnb,5,2021-02-14,2021-06-26,2021-09-10
1226,869,HotelFinder,6,2021-05-13,2021-06-15,2021-09-09
1227,2253,Tripadvisor,7,2021-05-10,2021-06-07,2021-09-15
1228,153,Skyscanner,8,2021-05-09,2021-06-02,2021-09-10
1229,11559,Travellodge,9,2021-05-19,2021-07-17,2021-09-13
1230,8827,HolidayInn,10,2021-03-31,2021-06-28,2021-09-23
1231,974,Trivago,1,2021-04-29,2021-08-21,2021-09-20
1232,3507,Expedia,2,2021-03-27,2021-06-06,2021-08-29
1233,6486,Booking.com,3,2021-01-29,2021-08-04,2021-08-30
1234,11517,Hotels.com,4,2021-05-13,2021-06-12,2021-09-17
1235,6756,Airbnb,5,2021-01-30,2021-06-21,2021-08-28
1236,826,HotelFinder,6,2021-01-28,2021-06-29,2021-08-31
1237,10596,Tripadvisor,7,2021-05-22,2021-07-08,2021-09-14
1238,7381,Skyscanner,8,2021-05-03,2021-06-01,2021-09-21
1239,11778,Travellodge,9,2021-03-31,2021-07-05,2021-09-04
1240,5468,HolidayInn,10,2021-02-15,2021-07-21,2021-09-13
1241,241,Trivago,1,2021-04-28,2021-08-17,2021-08-27
1242,8868,Expedia,2,2021-04-02,2021-06-23,2021-09-08
1243,11337,Booking.com,3,2021-02-02,2021-07-13,2021-09-16
1244,11925,Hotels.com,4,2021-04-15,2021-06-27,2021-09-16
1245,450,Airbnb,5,2021-04-25,2021-06-15,2021-09-08
1246,630,HotelFinder,6,2021-05-15,2021-06-15,2021-09-26
1247,5253,Tripadvisor,7,2021-01-05,2021-06-19,2021-09-13
1248,9869,Skyscanner,8,2021-03-23,2021-08-09,2021-09-20
1249,1481,Travellodge,9,2021-05-25,2021-06-19,2021-09-21
1250,8887,HolidayInn,10,2021-04-17,2021-06-22,2021-09-18
1251,4477,Trivago,1,2021-05-16,2021-07-02,2021-08-28
1252,8853,Expedia,2,2021-05-09,2021-07-02,2021-09-03
1253,7581,Booking.com,3,2021-01-21,2021-07-24,2021-09-21
1254,6842,Hotels.com,4,2021-05-24,2021-07-06,2021-09-02
1255,106,Airbnb,5,2021-02-03,2021-06-18,2021-08-30
1256,10133,HotelFinder,6,2021-02-01,2021-07-11,2021-09-29
1257,4232,Tripadvisor,7,2021-05-09,2021-06-30,2021-09-02
1258,9841,Skyscanner,8,2021-01-12,2021-07-20,2021-09-01
1259,7609,Travellodge,9,2021-02-23,2021-06-22,2021-08-31
1260,9805,HolidayInn,10,2021-01-18,2021-08-06,2021-09-15
1261,7407,Trivago,1,2021-01-30,2021-07-06,2021-09-22
1262,6247,Expedia,2,2021-05-28,2021-07-12,2021-08-28
1263,10787,Booking.com,3,2021-05-08,2021-07-29,2021-09-01
1264,7693,Hotels.com,4,2021-04-14,2021-06-23,2021-08-28
1265,10411,Airbnb,5,2021-05-20,2021-08-19,2021-09-15
1266,11165,HotelFinder,6,2021-04-12,2021-06-08,2021-09-11
1267,9442,Tripadvisor,7,2021-01-17,2021-06-03,2021-09-17
1268,4555,Skyscanner,8,2021-01-16,2021-08-06,2021-09-19
1269,2360,Travellodge,9,2021-02-16,2021-06-13,2021-09-12
1270,11286,HolidayInn,10,2021-03-29,2021-06-17,2021-09-10
1271,3377,Trivago,1,2021-05-12,2021-07-28,2021-09-23
1272,1693,Expedia,2,2021-05-08,2021-08-11,2021-09-11
1273,10615,Booking.com,3,2021-05-22,2021-07-05,2021-09-22
1274,11794,Hotels.com,4,2021-05-12,2021-06-06,2021-08-29
1275,896,Airbnb,5,2021-04-19,2021-06-01,2021-09-19
1276,5662,HotelFinder,6,2021-01-22,2021-07-21,2021-09-19
1277,4067,Tripadvisor,7,2021-03-19,2021-06-25,2021-09-23
1278,5453,Skyscanner,8,2021-03-30,2021-07-25,2021-08-25
1279,8621,Travellodge,9,2021-04-04,2021-08-18,2021-09-26
1280,5236,HolidayInn,10,2021-01-06,2021-08-08,2021-09-06
1281,3372,Trivago,1,2021-04-08,2021-06-25,2021-09-07
1282,7567,Expedia,2,2021-04-01,2021-08-04,2021-09-22
1283,11509,Booking.com,3,2021-03-14,2021-07-09,2021-09-27
1284,9684,Hotels.com,4,2021-03-17,2021-07-16,2021-09-04
1285,11693,Airbnb,5,2021-03-18,2021-06-14,2021-08-25
1286,116,HotelFinder,6,2021-04-18,2021-06-08,2021-09-09
1287,6579,Tripadvisor,7,2021-04-13,2021-07-03,2021-09-29
1288,9074,Skyscanner,8,2021-03-21,2021-08-20,2021-09-16
1289,11526,Travellodge,9,2021-05-16,2021-06-05,2021-09-03
1290,2455,HolidayInn,10,2021-01-03,2021-06-07,2021-09-20
1291,7604,Trivago,1,2021-01-28,2021-06-30,2021-09-11
1292,10380,Expedia,2,2021-04-07,2021-08-23,2021-08-25
1293,11755,Booking.com,3,2021-02-03,2021-07-28,2021-09-29
1294,925,Hotels.com,4,2021-01-19,2021-06-17,2021-09-26
1295,2608,Airbnb,5,2021-03-23,2021-07-31,2021-09-21
1296,6541,HotelFinder,6,2021-02-23,2021-07-26,2021-09-10
1297,8487,Tripadvisor,7,2021-01-04,2021-07-07,2021-09-10
1298,6642,Skyscanner,8,2021-01-10,2021-07-20,2021-09-05
1299,11045,Travellodge,9,2021-03-01,2021-07-22,2021-08-27
1300,10953,HolidayInn,10,2021-05-28,2021-08-02,2021-09-19
1301,1995,Trivago,1,2021-05-01,2021-07-16,2021-09-09
1302,1303,Expedia,2,2021-05-07,2021-06-08,2021-09-12
1303,11733,Booking.com,3,2021-03-15,2021-08-02,2021-09-08
1304,3766,Hotels.com,4,2021-01-05,2021-07-09,2021-09-14
1305,11150,Airbnb,5,2021-04-11,2021-06-19,2021-09-28
1306,11698,HotelFinder,6,2021-03-13,2021-06-11,2021-09-25
1307,2054,Tripadvisor,7,2021-03-13,2021-06-19,2021-09-24
1308,10073,Skyscanner,8,2021-01-10,2021-07-20,2021-09-20
1309,9393,Travellodge,9,2021-05-02,2021-08-22,2021-09-10
1310,11349,HolidayInn,10,2021-01-18,2021-06-15,2021-09-09
1311,6625,Trivago,1,2021-02-24,2021-07-21,2021-09-24
1312,2200,Expedia,2,2021-05-19,2021-07-17,2021-09-10
1313,1084,Booking.com,3,2021-02-04,2021-07-05,2021-08-27
1314,1154,Hotels.com,4,2021-01-29,2021-07-21,2021-08-27
1315,4884,Airbnb,5,2021-03-06,2021-07-10,2021-09-17
1316,11926,HotelFinder,6,2021-01-11,2021-07-22,2021-09-04
1317,7526,Tripadvisor,7,2021-03-20,2021-06-22,2021-09-01
1318,4328,Skyscanner,8,2021-02-14,2021-08-07,2021-09-25
1319,8726,Travellodge,9,2021-03-08,2021-06-08,2021-09-26
1320,4356,HolidayInn,10,2021-01-20,2021-06-04,2021-09-02
1321,9209,Trivago,1,2021-04-28,2021-07-14,2021-09-23
1322,5785,Expedia,2,2021-01-14,2021-07-03,2021-09-19
1323,1417,Booking.com,3,2021-05-08,2021-06-14,2021-09-25
1324,9866,Hotels.com,4,2021-05-25,2021-06-29,2021-09-10
1325,10699,Airbnb,5,2021-01-13,2021-06-01,2021-09-03
1326,1680,HotelFinder,6,2021-04-18,2021-08-16,2021-08-30
1327,10852,Tripadvisor,7,2021-03-15,2021-06-06,2021-09-02
1328,1351,Skyscanner,8,2021-05-04,2021-06-07,2021-09-12
1329,8199,Travellodge,9,2021-04-15,2021-06-03,2021-09-22
1330,8522,HolidayInn,10,2021-03-02,2021-08-07,2021-09-04
1331,10713,Trivago,1,2021-04-05,2021-06-15,2021-09-11
1332,8163,Expedia,2,2021-04-15,2021-06-04,2021-09-14
1333,8029,Booking.com,3,2021-01-28,2021-07-11,2021-09-13
1334,3276,Hotels.com,4,2021-02-20,2021-07-13,2021-09-14
1335,6707,Airbnb,5,2021-02-19,2021-06-23,2021-09-07
1336,1065,HotelFinder,6,2021-01-30,2021-08-10,2021-09-15
1337,5077,Tripadvisor,7,2021-03-23,2021-06-02,2021-09-22
1338,4234,Skyscanner,8,2021-02-01,2021-07-05,2021-09-09
1339,7473,Travellodge,9,2021-05-14,2021-07-31,2021-09-12
1340,6762,HolidayInn,10,2021-04-28,2021-08-23,2021-09-14
1341,7907,Trivago,1,2021-04-21,2021-07-20,2021-09-11
1342,7467,Expedia,2,2021-01-07,2021-08-10,2021-08-26
1343,6895,Booking.com,3,2021-02-23,2021-08-20,2021-08-25
1344,1172,Hotels.com,4,2021-02-22,2021-07-03,2021-09-21
1345,9217,Airbnb,5,2021-04-27,2021-07-10,2021-09-04
1346,6878,HotelFinder,6,2021-01-04,2021-06-28,2021-09-05
1347,24,Tripadvisor,7,2021-01-15,2021-07-10,2021-09-28
1348,6452,Skyscanner,8,2021-03-06,2021-06-04,2021-09-04
1349,443,Travellodge,9,2021-05-12,2021-07-28,2021-08-26
1350,3805,HolidayInn,10,2021-02-26,2021-07-01,2021-09-15
1351,8072,Trivago,1,2021-03-20,2021-07-07,2021-08-31
1352,5977,Expedia,2,2021-03-09,2021-06-29,2021-09-28
1353,7386,Booking.com,3,2021-05-09,2021-07-05,2021-09-17
1354,4303,Hotels.com,4,2021-04-07,2021-08-10,2021-09-12
1355,10769,Airbnb,5,2021-02-12,2021-08-12,2021-09-21
1356,927,HotelFinder,6,2021-04-06,2021-07-28,2021-09-10
1357,10093,Tripadvisor,7,2021-03-11,2021-08-10,2021-09-09
1358,11862,Skyscanner,8,2021-03-05,2021-07-17,2021-09-19
1359,478,Travellodge,9,2021-03-03,2021-07-22,2021-09-01
1360,8001,HolidayInn,10,2021-03-19,2021-06-05,2021-09-29
1361,9485,Trivago,1,2021-04-08,2021-08-19,2021-09-18
1362,553,Expedia,2,2021-03-21,2021-08-12,2021-09-21
1363,752,Booking.com,3,2021-04-15,2021-06-15,2021-08-27
1364,7415,Hotels.com,4,2021-03-26,2021-07-16,2021-09-18
1365,3672,Airbnb,5,2021-05-01,2021-07-02,2021-09-29
1366,805,HotelFinder,6,2021-05-16,2021-06-23,2021-08-30
1367,2601,Tripadvisor,7,2021-01-04,2021-07-16,2021-09-23
1368,6385,Skyscanner,8,2021-02-11,2021-06-06,2021-09-26
1369,3892,Travellodge,9,2021-03-18,2021-06-10,2021-09-25
1370,6560,HolidayInn,10,2021-03-31,2021-08-05,2021-09-25
1371,7674,Trivago,1,2021-03-06,2021-08-01,2021-09-19
1372,7152,Expedia,2,2021-03-11,2021-08-03,2021-09-23
1373,11470,Booking.com,3,2021-03-13,2021-08-15,2021-09-21
1374,10172,Hotels.com,4,2021-05-27,2021-08-03,2021-09-03
1375,10383,Airbnb,5,2021-04-14,2021-08-12,2021-09-20
1376,7558,HotelFinder,6,2021-04-13,2021-07-23,2021-09-24
1377,5064,Tripadvisor,7,2021-04-03,2021-08-03,2021-09-16
1378,5540,Skyscanner,8,2021-03-11,2021-06-28,2021-09-14
1379,11764,Travellodge,9,2021-03-12,2021-06-02,2021-09-24
1380,10227,HolidayInn,10,2021-04-05,2021-06-01,2021-09-27
1381,9778,Trivago,1,2021-02-04,2021-06-14,2021-09-16
1382,8992,Expedia,2,2021-01-20,2021-07-14,2021-09-04
1383,3501,Booking.com,3,2021-05-09,2021-06-02,2021-09-05
1384,5462,Hotels.com,4,2021-01-12,2021-06-24,2021-09-16
1385,1598,Airbnb,5,2021-04-03,2021-08-06,2021-09-18
1386,3920,HotelFinder,6,2021-04-02,2021-08-06,2021-08-25
1387,10063,Tripadvisor,7,2021-01-12,2021-06-15,2021-09-01
1388,5520,Skyscanner,8,2021-04-25,2021-06-21,2021-09-28
1389,4870,Travellodge,9,2021-01-28,2021-07-25,2021-09-01
1390,11255,HolidayInn,10,2021-02-22,2021-07-12,2021-09-14
1391,5558,Trivago,1,2021-05-24,2021-08-11,2021-09-12
1392,135,Expedia,2,2021-01-27,2021-06-18,2021-09-29
1393,7701,Booking.com,3,2021-03-11,2021-08-02,2021-09-29
1394,1543,Hotels.com,4,2021-02-26,2021-06-15,2021-09-09
1395,10378,Airbnb,5,2021-05-08,2021-07-08,2021-08-31
1396,11410,HotelFinder,6,2021-05-21,2021-08-04,2021-09-22
1397,11451,Tripadvisor,7,2021-01-21,2021-06-22,2021-09-05
1398,10359,Skyscanner,8,2021-02-26,2021-07-13,2021-09-04
1399,3937,Travellodge,9,2021-02-13,2021-07-14,2021-09-24
1400,8820,HolidayInn,10,2021-01-30,2021-07-22,2021-09-09
1401,7097,Trivago,1,2021-01-23,2021-07-16,2021-09-02
1402,9728,Expedia,2,2021-02-21,2021-07-14,2021-08-29
1403,6733,Booking.com,3,2021-01-26,2021-06-17,2021-09-22
1404,3595,Hotels.com,4,2021-05-27,2021-08-20,2021-09-02
1405,9902,Airbnb,5,2021-04-21,2021-08-04,2021-08-26
1406,6574,HotelFinder,6,2021-04-20,2021-06-28,2021-09-18
1407,32,Tripadvisor,7,2021-02-25,2021-06-17,2021-09-15
1408,4118,Skyscanner,8,2021-02-12,2021-07-10,2021-08-25
1409,2483,Travellodge,9,2021-01-13,2021-08-19,2021-09-18
1410,1187,HolidayInn,10,2021-02-18,2021-06-23,2021-08-26
1411,10676,Trivago,1,2021-04-18,2021-06-24,2021-09-07
1412,5021,Expedia,2,2021-03-20,2021-06-05,2021-09-01
1413,6184,Booking.com,3,2021-01-25,2021-06-02,2021-09-05
1414,5207,Hotels.com,4,2021-01-12,2021-06-02,2021-08-25
1415,6722,Airbnb,5,2021-04-22,2021-07-23,2021-09-26
1416,1347,HotelFinder,6,2021-04-01,2021-08-05,2021-09-09
1417,3686,Tripadvisor,7,2021-02-25,2021-07-08,2021-09-15
1418,3399,Skyscanner,8,2021-04-07,2021-08-06,2021-08-30
1419,4352,Travellodge,9,2021-03-05,2021-06-10,2021-09-22
1420,5490,HolidayInn,10,2021-05-11,2021-08-02,2021-09-13
1421,11810,Trivago,1,2021-02-12,2021-06-11,2021-09-18
1422,7153,Expedia,2,2021-02-11,2021-07-10,2021-09-25
1423,3196,Booking.com,3,2021-05-06,2021-07-12,2021-09-08
1424,3054,Hotels.com,4,2021-04-23,2021-06-14,2021-09-13
1425,6364,Airbnb,5,2021-04-18,2021-06-08,2021-09-27
1426,7005,HotelFinder,6,2021-02-07,2021-06-10,2021-09-26
1427,4020,Tripadvisor,7,2021-03-29,2021-07-23,2021-09-17
1428,7041,Skyscanner,8,2021-05-01,2021-06-13,2021-09-25
1429,3233,Travellodge,9,2021-04-27,2021-07-18,2021-09-29
1430,138,HolidayInn,10,2021-02-18,2021-08-19,2021-09-17
1431,2993,Trivago,1,2021-01-12,2021-06-05,2021-09-04
1432,6547,Expedia,2,2021-03-21,2021-08-14,2021-09-29
1433,7129,Booking.com,3,2021-05-12,2021-06-20,2021-09-28
1434,11507,Hotels.com,4,2021-04-14,2021-06-01,2021-08-28
1435,10376,Airbnb,5,2021-03-21,2021-06-13,2021-09-17
1436,404,HotelFinder,6,2021-03-23,2021-06-21,2021-09-10
1437,801,Tripadvisor,7,2021-03-08,2021-07-14,2021-09-06
1438,7546,Skyscanner,8,2021-03-05,2021-07-02,2021-09-17
1439,11008,Travellodge,9,2021-03-01,2021-06-14,2021-09-17
1440,116,HolidayInn,10,2021-02-08,2021-07-26,2021-09-07
1441,2371,Trivago,1,2021-03-01,2021-08-22,2021-09-03
1442,7197,Expedia,2,2021-05-18,2021-08-08,2021-09-05
1443,5025,Booking.com,3,2021-05-12,2021-06-15,2021-08-31
1444,1108,Hotels.com,4,2021-01-11,2021-07-20,2021-09-29
1445,6701,Airbnb,5,2021-01-17,2021-07-28,2021-09-02
1446,1743,HotelFinder,6,2021-05-26,2021-08-11,2021-09-10
1447,3884,Tripadvisor,7,2021-05-16,2021-06-03,2021-09-21
1448,707,Skyscanner,8,2021-04-10,2021-06-22,2021-08-25
1449,9725,Travellodge,9,2021-05-04,2021-06-07,2021-09-01
1450,9128,HolidayInn,10,2021-05-14,2021-07-22,2021-09-21
1451,7854,Trivago,1,2021-04-04,2021-06-25,2021-09-29
1452,6502,Expedia,2,2021-04-03,2021-07-04,2021-09-26
1453,6865,Booking.com,3,2021-05-12,2021-06-28,2021-09-21
1454,7940,Hotels.com,4,2021-01-13,2021-06-21,2021-09-22
1455,5271,Airbnb,5,2021-01-21,2021-07-15,2021-09-18
1456,9305,HotelFinder,6,2021-04-13,2021-08-01,2021-09-10
1457,10224,Tripadvisor,7,2021-01-10,2021-06-06,2021-09-10
1458,2165,Skyscanner,8,2021-02-02,2021-08-06,2021-09-07
1459,8435,Travellodge,9,2021-03-20,2021-07-28,2021-08-30
1460,4567,HolidayInn,10,2021-01-20,2021-08-20,2021-08-31
1461,9122,Trivago,1,2021-02-27,2021-08-20,2021-09-22
1462,11549,Expedia,2,2021-01-24,2021-06-18,2021-09-03
1463,2582,Booking.com,3,2021-01-09,2021-08-01,2021-09-12
1464,9578,Hotels.com,4,2021-05-20,2021-06-05,2021-08-30
1465,11070,Airbnb,5,2021-03-29,2021-07-26,2021-09-05
1466,8451,HotelFinder,6,2021-02-20,2021-08-07,2021-09-01
1467,8112,Tripadvisor,7,2021-02-15,2021-08-06,2021-09-04
1468,869,Skyscanner,8,2021-01-15,2021-07-29,2021-09-17
1469,6076,Travellodge,9,2021-01-14,2021-07-01,2021-09-25
1470,324,HolidayInn,10,2021-01-18,2021-07-25,2021-08-26
1471,8910,Trivago,1,2021-05-10,2021-06-29,2021-08-25
1472,11993,Expedia,2,2021-04-04,2021-06-30,2021-09-23
1473,2462,Booking.com,3,2021-02-27,2021-08-10,2021-09-03
1474,7970,Hotels.com,4,2021-01-12,2021-06-04,2021-09-17
1475,9480,Airbnb,5,2021-02-27,2021-06-20,2021-08-25
1476,7291,HotelFinder,6,2021-03-03,2021-06-18,2021-09-11
1477,1350,Tripadvisor,7,2021-04-04,2021-08-06,2021-09-20
1478,8448,Skyscanner,8,2021-01-08,2021-06-12,2021-08-27
1479,2425,Travellodge,9,2021-03-10,2021-06-08,2021-08-28
1480,11303,HolidayInn,10,2021-01-17,2021-08-09,2021-09-14
1481,258,Trivago,1,2021-02-07,2021-06-08,2021-09-02
1482,6981,Expedia,2,2021-05-23,2021-08-08,2021-09-28
1483,4229,Booking.com,3,2021-01-24,2021-08-06,2021-09-21
1484,6396,Hotels.com,4,2021-02-18,2021-07-01,2021-08-25
1485,8976,Airbnb,5,2021-05-28,2021-07-02,2021-09-10
1486,7700,HotelFinder,6,2021-05-03,2021-06-14,2021-09-29
1487,11619,Tripadvisor,7,2021-04-17,2021-07-04,2021-09-29
1488,5239,Skyscanner,8,2021-05-11,2021-08-20,2021-08-28
1489,2294,Travellodge,9,2021-04-15,2021-06-23,2021-09-29
1490,1816,HolidayInn,10,2021-03-08,2021-07-16,2021-09-29
1491,1142,Trivago,1,2021-03-06,2021-06-30,2021-09-29
1492,11397,Expedia,2,2021-05-12,2021-08-19,2021-09-04
1493,3046,Booking.com,3,2021-04-16,2021-06-22,2021-08-29
1494,6008,Hotels.com,4,2021-04-05,2021-08-06,2021-09-18
1495,347,Airbnb,5,2021-02-11,2021-08-05,2021-08-30
1496,7433,HotelFinder,6,2021-01-27,2021-07-31,2021-09-12
1497,1122,Tripadvisor,7,2021-01-31,2021-08-07,2021-09-02
1498,5758,Skyscanner,8,2021-02-07,2021-08-02,2021-09-07
1499,2977,Travellodge,9,2021-03-07,2021-08-19,2021-09-19
1500,10007,HolidayInn,10,2021-02-26,2021-06-07,2021-09-06
1501,3727,Trivago,1,2021-02-16,2021-07-06,2021-08-30
1502,8182,Expedia,2,2021-02-03,2021-08-01,2021-09-07
1503,5420,Booking.com,3,2021-05-19,2021-06-08,2021-09-23
1504,6630,Hotels.com,4,2021-02-07,2021-07-11,2021-09-12
1505,5629,Airbnb,5,2021-02-05,2021-08-14,2021-09-17
1506,6698,HotelFinder,6,2021-01-11,2021-07-28,2021-09-23
1507,9901,Tripadvisor,7,2021-05-24,2021-08-08,2021-09-28
1508,9516,Skyscanner,8,2021-03-27,2021-07-13,2021-08-31
1509,4228,Travellodge,9,2021-04-20,2021-07-29,2021-09-15
1510,10782,HolidayInn,10,2021-01-11,2021-08-17,2021-09-18
1511,907,Trivago,1,2021-01-26,2021-07-16,2021-09-22
1512,4491,Expedia,2,2021-03-29,2021-06-21,2021-09-29
1513,310,Booking.com,3,2021-01-05,2021-08-14,2021-09-01
1514,11585,Hotels.com,4,2021-03-17,2021-08-08,2021-09-14
1515,6894,Airbnb,5,2021-03-27,2021-06-04,2021-09-03
1516,7002,HotelFinder,6,2021-01-15,2021-07-28,2021-08-28
1517,11474,Tripadvisor,7,2021-05-04,2021-07-31,2021-08-27
1518,5875,Skyscanner,8,2021-01-11,2021-06-21,2021-09-05
1519,6667,Travellodge,9,2021-05-15,2021-08-17,2021-09-07
1520,5628,HolidayInn,10,2021-05-13,2021-06-16,2021-09-12
1521,7241,Trivago,1,2021-04-10,2021-08-16,2021-08-27
1522,10430,Expedia,2,2021-03-18,2021-08-15,2021-09-25
1523,2877,Booking.com,3,2021-04-23,2021-08-02,2021-09-01
1524,525,Hotels.com,4,2021-01-29,2021-07-19,2021-08-31
1525,10759,Airbnb,5,2021-04-16,2021-06-13,2021-09-27
1526,9004,HotelFinder,6,2021-02-03,2021-07-05,2021-09-28
1527,2409,Tripadvisor,7,2021-05-07,2021-07-25,2021-08-29
1528,7458,Skyscanner,8,2021-01-03,2021-06-04,2021-09-14
1529,4330,Travellodge,9,2021-03-11,2021-08-08,2021-09-28
1530,9447,HolidayInn,10,2021-05-03,2021-07-04,2021-09-03
1531,5505,Trivago,1,2021-03-17,2021-07-11,2021-09-24
1532,3132,Expedia,2,2021-02-27,2021-07-20,2021-09-21
1533,8390,Booking.com,3,2021-01-23,2021-07-19,2021-08-31
1534,6229,Hotels.com,4,2021-04-24,2021-08-08,2021-09-14
1535,3268,Airbnb,5,2021-02-08,2021-06-24,2021-09-17
1536,4693,HotelFinder,6,2021-05-08,2021-07-31,2021-09-05
1537,3529,Tripadvisor,7,2021-04-15,2021-06-11,2021-08-25
1538,11989,Skyscanner,8,2021-05-08,2021-06-23,2021-09-02
1539,9751,Travellodge,9,2021-03-29,2021-07-16,2021-09-24
1540,4993,HolidayInn,10,2021-03-24,2021-07-11,2021-09-19
1541,5349,Trivago,1,2021-05-08,2021-07-20,2021-09-11
1542,3297,Expedia,2,2021-04-07,2021-08-07,2021-09-04
1543,7941,Booking.com,3,2021-04-02,2021-06-18,2021-09-12
1544,5055,Hotels.com,4,2021-01-26,2021-07-20,2021-09-20
1545,1077,Airbnb,5,2021-03-20,2021-06-23,2021-09-22
1546,1482,HotelFinder,6,2021-02-20,2021-08-22,2021-09-04
1547,6988,Tripadvisor,7,2021-03-19,2021-08-07,2021-09-10
1548,9295,Skyscanner,8,2021-02-02,2021-08-23,2021-09-14
1549,6032,Travellodge,9,2021-05-08,2021-07-03,2021-08-27
1550,744,HolidayInn,10,2021-04-07,2021-07-08,2021-09-19
1551,11418,Trivago,1,2021-03-25,2021-06-09,2021-09-29
1552,2909,Expedia,2,2021-05-01,2021-07-04,2021-08-29
1553,5958,Booking.com,3,2021-01-28,2021-06-21,2021-08-28
1554,3660,Hotels.com,4,2021-04-14,2021-08-17,2021-09-24
1555,3115,Airbnb,5,2021-03-26,2021-07-14,2021-09-18
1556,10941,HotelFinder,6,2021-05-22,2021-07-11,2021-09-13
1557,3301,Tripadvisor,7,2021-04-17,2021-08-09,2021-09-28
1558,11835,Skyscanner,8,2021-02-27,2021-08-17,2021-09-29
1559,11131,Travellodge,9,2021-03-23,2021-08-06,2021-08-25
1560,11062,HolidayInn,10,2021-02-11,2021-08-09,2021-08-29
1561,8070,Trivago,1,2021-03-12,2021-07-21,2021-09-15
1562,8601,Expedia,2,2021-01-16,2021-07-21,2021-08-28
1563,11631,Booking.com,3,2021-05-07,2021-07-08,2021-09-12
1564,8050,Hotels.com,4,2021-02-09,2021-08-11,2021-09-06
1565,487,Airbnb,5,2021-02-04,2021-08-01,2021-09-24
1566,4392,HotelFinder,6,2021-01-27,2021-08-11,2021-09-02
1567,8620,Tripadvisor,7,2021-03-26,2021-07-14,2021-09-17
1568,417,Skyscanner,8,2021-03-25,2021-08-18,2021-09-19
1569,9592,Travellodge,9,2021-05-25,2021-06-08,2021-09-15
1570,8719,HolidayInn,10,2021-04-28,2021-07-23,2021-09-29
1571,8935,Trivago,1,2021-03-25,2021-08-14,2021-09-28
1572,6228,Expedia,2,2021-05-13,2021-08-02,2021-09-13
1573,8184,Booking.com,3,2021-05-12,2021-06-24,2021-09-16
1574,1300,Hotels.com,4,2021-03-18,2021-08-06,2021-08-28
1575,9358,Airbnb,5,2021-04-19,2021-06-08,2021-09-26
1576,7377,HotelFinder,6,2021-03-24,2021-06-12,2021-08-29
1577,9642,Tripadvisor,7,2021-05-22,2021-06-18,2021-08-27
1578,4917,Skyscanner,8,2021-01-14,2021-07-01,2021-08-30
1579,3616,Travellodge,9,2021-03-21,2021-07-13,2021-09-21
1580,10225,HolidayInn,10,2021-03-05,2021-07-16,2021-09-17
1581,6373,Trivago,1,2021-03-06,2021-06-10,2021-09-13
1582,4134,Expedia,2,2021-03-10,2021-06-08,2021-09-21
1583,711,Booking.com,3,2021-02-22,2021-06-05,2021-09-10
1584,6856,Hotels.com,4,2021-04-08,2021-07-24,2021-09-23
1585,7474,Airbnb,5,2021-01-22,2021-06-25,2021-09-01
1586,5957,HotelFinder,6,2021-01-05,2021-06-30,2021-09-07
1587,3364,Tripadvisor,7,2021-02-04,2021-06-29,2021-09-01
1588,4935,Skyscanner,8,2021-04-01,2021-06-23,2021-09-16
1589,8669,Travellodge,9,2021-03-02,2021-08-07,2021-09-03
1590,2991,HolidayInn,10,2021-01-13,2021-06-01,2021-09-26
1591,61,Trivago,1,2021-05-15,2021-07-25,2021-08-25
1592,16,Expedia,2,2021-01-13,2021-06-24,2021-09-21
1593,4154,Booking.com,3,2021-02-28,2021-08-21,2021-08-29
1594,7626,Hotels.com,4,2021-04-22,2021-06-02,2021-09-10
1595,8424,Airbnb,5,2021-01-30,2021-06-18,2021-09-17
1596,9523,HotelFinder,6,2021-03-19,2021-07-19,2021-08-27
1597,6180,Tripadvisor,7,2021-02-09,2021-08-17,2021-09-28
1598,9116,Skyscanner,8,2021-03-13,2021-06-17,2021-08-27
1599,3091,Travellodge,9,2021-03-16,2021-06-16,2021-09-06
1600,7095,HolidayInn,10,2021-01-21,2021-07-13,2021-08-25
1601,8732,Trivago,1,2021-04-06,2021-06-09,2021-09-05
1602,2389,Expedia,2,2021-04-12,2021-06-21,2021-09-19
1603,3491,Booking.com,3,2021-03-27,2021-06-24,2021-09-27
1604,6112,Hotels.com,4,2021-04-06,2021-06-24,2021-09-04
1605,4339,Airbnb,5,2021-03-28,2021-08-19,2021-09-06
1606,6879,HotelFinder,6,2021-05-20,2021-06-02,2021-09-09
1607,6192,Tripadvisor,7,2021-02-17,2021-07-17,2021-09-14
1608,5926,Skyscanner,8,2021-04-12,2021-08-11,2021-08-29
1609,3153,Travellodge,9,2021-01-31,2021-06-28,2021-09-07
1610,9573,HolidayInn,10,2021-03-10,2021-06-06,2021-09-22
1611,3867,Trivago,1,2021-04-06,2021-08-01,2021-09-03
1612,652,Expedia,2,2021-03-10,2021-07-23,2021-09-14
1613,742,Booking.com,3,2021-01-20,2021-06-18,2021-08-30
1614,837,Hotels.com,4,2021-04-23,2021-07-18,2021-09-16
1615,11889,Airbnb,5,2021-03-04,2021-07-26,2021-09-26
1616,8660,HotelFinder,6,2021-04-27,2021-06-27,2021-08-28
1617,6374,Tripadvisor,7,2021-05-03,2021-07-18,2021-09-27
1618,10467,Skyscanner,8,2021-05-09,2021-07-18,2021-09-28
1619,9603,Travellodge,9,2021-02-14,2021-06-25,2021-09-18
1620,11465,HolidayInn,10,2021-02-25,2021-07-29,2021-09-18
